#-----------------------------------------------------------
# Vivado v2025.1 (64-bit)
# SW Build 6140274 on Thu May 22 00:12:29 MDT 2025
# IP Build 6138677 on Thu May 22 03:10:11 MDT 2025
# SharedData Build 6139179 on Tue May 20 17:58:58 MDT 2025
# Start of session at: Wed Jul 29 17:55:22 2026
# Process ID         : 6832
# Current directory  : C:/Users/vasas/AppData/Roaming/Xilinx/Vivado
# Command line       : vivado.exe -gui_launcher_event rodinguilauncherevent1212
# Log file           : C:/Users/vasas/AppData/Roaming/Xilinx/Vivado/vivado.log
# Journal file       : C:/Users/vasas/AppData/Roaming/Xilinx/Vivado\vivado.jou
# Running On         : windows_rip
# Platform           : Windows Server 2016 or Windows 10
# Operating System   : 26100
# Processor Detail   : Intel(R) Core(TM) i7-7700HQ CPU @ 2.80GHz
# CPU Frequency      : 2808 MHz
# CPU Physical cores : 4
# CPU Logical cores  : 8
# Host memory        : 16994 MB
# Swap memory        : 11414 MB
# Total Virtual      : 28409 MB
# Available Virtual  : 8663 MB
#-----------------------------------------------------------
start_gui
WARNING: [Board 49-26] cannot add Board Part xilinx.com:ac701:part0:1.4 available at E:/vivado_2025_1/2025.1/data/xhub/boards\XilinxBoardStore\boards\Xilinx\ac701\1.4\board.xml as part xc7a200tfbg676-2 specified in board_part file is either invalid or not available
WARNING: [Board 49-26] cannot add Board Part xilinx.com:emb-plus-vpr-4616:part0:1.0 available at E:/vivado_2025_1/2025.1/data/xhub/boards\XilinxBoardStore\boards\Xilinx\emb-plus-vpr-4616\1.0\board.xml as part xcve2302-sfva784-2mp-e-s specified in board_part file is either invalid or not available
WARNING: [Board 49-26] cannot add Board Part xilinx.com:emb-plus-vpr-4616:part0:1.1 available at E:/vivado_2025_1/2025.1/data/xhub/boards\XilinxBoardStore\boards\Xilinx\emb-plus-vpr-4616\1.1\board.xml as part xcve2302-sfva784-2mp-e-s specified in board_part file is either invalid or not available
WARNING: [Board 49-26] cannot add Board Part xilinx.com:k24c:part0:1.0 available at E:/vivado_2025_1/2025.1/data/xhub/boards\XilinxBoardStore\boards\Xilinx\k24c\1.0\board.xml as part xck24-ubva530-2lv-c specified in board_part file is either invalid or not available
WARNING: [Board 49-26] cannot add Board Part xilinx.com:k24c:part0:1.1 available at E:/vivado_2025_1/2025.1/data/xhub/boards\XilinxBoardStore\boards\Xilinx\k24c\1.1\board.xml as part xck24-ubva530-2lv-c specified in board_part file is either invalid or not available
WARNING: [Board 49-26] cannot add Board Part xilinx.com:k24i:part0:1.0 available at E:/vivado_2025_1/2025.1/data/xhub/boards\XilinxBoardStore\boards\Xilinx\k24i\1.0\board.xml as part xck24-ubva530-2lvi-i specified in board_part file is either invalid or not available
WARNING: [Board 49-26] cannot add Board Part xilinx.com:k26c:part0:1.2 available at E:/vivado_2025_1/2025.1/data/xhub/boards\XilinxBoardStore\boards\Xilinx\k26c\1.2\board.xml as part xck26-sfvc784-2lv-c specified in board_part file is either invalid or not available
WARNING: [Board 49-26] cannot add Board Part xilinx.com:k26c:part0:1.3 available at E:/vivado_2025_1/2025.1/data/xhub/boards\XilinxBoardStore\boards\Xilinx\k26c\1.3\board.xml as part xck26-sfvc784-2lv-c specified in board_part file is either invalid or not available
WARNING: [Board 49-26] cannot add Board Part xilinx.com:k26c:part0:1.4 available at E:/vivado_2025_1/2025.1/data/xhub/boards\XilinxBoardStore\boards\Xilinx\k26c\1.4\board.xml as part xck26-sfvc784-2lv-c specified in board_part file is either invalid or not available
WARNING: [Board 49-26] cannot add Board Part xilinx.com:k26i:part0:1.2 available at E:/vivado_2025_1/2025.1/data/xhub/boards\XilinxBoardStore\boards\Xilinx\k26i\1.2\board.xml as part xck26-sfvc784-2lvi-i specified in board_part file is either invalid or not available
WARNING: [Board 49-26] cannot add Board Part xilinx.com:k26i:part0:1.3 available at E:/vivado_2025_1/2025.1/data/xhub/boards\XilinxBoardStore\boards\Xilinx\k26i\1.3\board.xml as part xck26-sfvc784-2lvi-i specified in board_part file is either invalid or not available
WARNING: [Board 49-26] cannot add Board Part xilinx.com:k26i:part0:1.4 available at E:/vivado_2025_1/2025.1/data/xhub/boards\XilinxBoardStore\boards\Xilinx\k26i\1.4\board.xml as part xck26-sfvc784-2lvi-i specified in board_part file is either invalid or not available
WARNING: [Board 49-26] cannot add Board Part xilinx.com:kc705:part0:1.6 available at E:/vivado_2025_1/2025.1/data/xhub/boards\XilinxBoardStore\boards\Xilinx\kc705\1.6\board.xml as part xc7k325tffg900-2 specified in board_part file is either invalid or not available
WARNING: [Board 49-26] cannot add Board Part xilinx.com:kc705:part0:1.7 available at E:/vivado_2025_1/2025.1/data/xhub/boards\XilinxBoardStore\boards\Xilinx\kc705\1.7\board.xml as part xc7k325tffg900-2 specified in board_part file is either invalid or not available
WARNING: [Board 49-26] cannot add Board Part xilinx.com:kcu105:part0:1.6 available at E:/vivado_2025_1/2025.1/data/xhub/boards\XilinxBoardStore\boards\Xilinx\kcu105\1.6\board.xml as part xcku040-ffva1156-2-e specified in board_part file is either invalid or not available
WARNING: [Board 49-26] cannot add Board Part xilinx.com:kcu105:part0:1.7 available at E:/vivado_2025_1/2025.1/data/xhub/boards\XilinxBoardStore\boards\Xilinx\kcu105\1.7\board.xml as part xcku040-ffva1156-2-e specified in board_part file is either invalid or not available
WARNING: [Board 49-26] cannot add Board Part xilinx.com:kcu116:part0:1.4 available at E:/vivado_2025_1/2025.1/data/xhub/boards\XilinxBoardStore\boards\Xilinx\kcu116\1.4\board.xml as part xcku5p-ffvb676-2-e specified in board_part file is either invalid or not available
WARNING: [Board 49-26] cannot add Board Part xilinx.com:kcu116:part0:1.5 available at E:/vivado_2025_1/2025.1/data/xhub/boards\XilinxBoardStore\boards\Xilinx\kcu116\1.5\board.xml as part xcku5p-ffvb676-2-e specified in board_part file is either invalid or not available
WARNING: [Board 49-26] cannot add Board Part xilinx.com:kcu1500:part0:1.2 available at E:/vivado_2025_1/2025.1/data/xhub/boards\XilinxBoardStore\boards\Xilinx\kcu1500\1.2\board.xml as part xcku115-flvb2104-2-e specified in board_part file is either invalid or not available
WARNING: [Board 49-26] cannot add Board Part xilinx.com:kd240_som:part0:1.0 available at E:/vivado_2025_1/2025.1/data/xhub/boards\XilinxBoardStore\boards\Xilinx\kd240_som\1.0\board.xml as part xck24-ubva530-2lv-c specified in board_part file is either invalid or not available
WARNING: [Board 49-26] cannot add Board Part xilinx.com:kd240_som:part0:1.1 available at E:/vivado_2025_1/2025.1/data/xhub/boards\XilinxBoardStore\boards\Xilinx\kd240_som\1.1\board.xml as part xck24-ubva530-2lv-c specified in board_part file is either invalid or not available
WARNING: [Board 49-26] cannot add Board Part xilinx.com:kr260_som:part0:1.0 available at E:/vivado_2025_1/2025.1/data/xhub/boards\XilinxBoardStore\boards\Xilinx\kr260_som\1.0\board.xml as part xck26-sfvc784-2lv-c specified in board_part file is either invalid or not available
WARNING: [Board 49-26] cannot add Board Part xilinx.com:kr260_som:part0:1.1 available at E:/vivado_2025_1/2025.1/data/xhub/boards\XilinxBoardStore\boards\Xilinx\kr260_som\1.1\board.xml as part xck26-sfvc784-2lv-c specified in board_part file is either invalid or not available
WARNING: [Board 49-26] cannot add Board Part xilinx.com:kv260_som:part0:1.2 available at E:/vivado_2025_1/2025.1/data/xhub/boards\XilinxBoardStore\boards\Xilinx\kv260_som\1.2\board.xml as part xck26-sfvc784-2lv-c specified in board_part file is either invalid or not available
WARNING: [Board 49-26] cannot add Board Part xilinx.com:kv260_som:part0:1.3 available at E:/vivado_2025_1/2025.1/data/xhub/boards\XilinxBoardStore\boards\Xilinx\kv260_som\1.3\board.xml as part xck26-sfvc784-2lv-c specified in board_part file is either invalid or not available
WARNING: [Board 49-26] cannot add Board Part xilinx.com:kv260_som:part0:1.4 available at E:/vivado_2025_1/2025.1/data/xhub/boards\XilinxBoardStore\boards\Xilinx\kv260_som\1.4\board.xml as part xck26-sfvc784-2lv-c specified in board_part file is either invalid or not available
WARNING: [Board 49-26] cannot add Board Part xilinx.com:scu35:part0:1.0 available at E:/vivado_2025_1/2025.1/data/xhub/boards\XilinxBoardStore\boards\Xilinx\scu35\1.0\board.xml as part xcsu35p-sbvb625-2-e specified in board_part file is either invalid or not available
WARNING: [Board 49-26] cannot add Board Part xilinx.com:sp701:part0:1.0 available at E:/vivado_2025_1/2025.1/data/xhub/boards\XilinxBoardStore\boards\Xilinx\sp701\1.0\board.xml as part xc7s100fgga676-2 specified in board_part file is either invalid or not available
WARNING: [Board 49-26] cannot add Board Part xilinx.com:sp701:part0:1.1 available at E:/vivado_2025_1/2025.1/data/xhub/boards\XilinxBoardStore\boards\Xilinx\sp701\1.1\board.xml as part xc7s100fgga676-2 specified in board_part file is either invalid or not available
WARNING: [Board 49-26] cannot add Board Part xilinx.com:v80:part0:1.0 available at E:/vivado_2025_1/2025.1/data/xhub/boards\XilinxBoardStore\boards\Xilinx\v80\1.0\board.xml as part xcv80-lsva4737-2mhp-e-s specified in board_part file is either invalid or not available
WARNING: [Board 49-26] cannot add Board Part xilinx.com:vc707:part0:1.4 available at E:/vivado_2025_1/2025.1/data/xhub/boards\XilinxBoardStore\boards\Xilinx\vc707\1.4\board.xml as part xc7vx485tffg1761-2 specified in board_part file is either invalid or not available
WARNING: [Board 49-26] cannot add Board Part xilinx.com:vc707:part0:1.5 available at E:/vivado_2025_1/2025.1/data/xhub/boards\XilinxBoardStore\boards\Xilinx\vc707\1.5\board.xml as part xc7vx485tffg1761-2 specified in board_part file is either invalid or not available
WARNING: [Board 49-26] cannot add Board Part xilinx.com:vc709:part0:1.8 available at E:/vivado_2025_1/2025.1/data/xhub/boards\XilinxBoardStore\boards\Xilinx\vc709\1.8\board.xml as part xc7vx690tffg1761-2 specified in board_part file is either invalid or not available
WARNING: [Board 49-26] cannot add Board Part xilinx.com:vck190:part0:2.2 available at E:/vivado_2025_1/2025.1/data/xhub/boards\XilinxBoardStore\boards\Xilinx\vck190\production\2.2\board.xml as part xcvc1902-vsva2197-2mp-e-s specified in board_part file is either invalid or not available
WARNING: [Board 49-26] cannot add Board Part xilinx.com:vck190:part0:3.0 available at E:/vivado_2025_1/2025.1/data/xhub/boards\XilinxBoardStore\boards\Xilinx\vck190\production\3.0\board.xml as part xcvc1902-vsva2197-2mp-e-s specified in board_part file is either invalid or not available
WARNING: [Board 49-26] cannot add Board Part xilinx.com:vck190:part0:3.1 available at E:/vivado_2025_1/2025.1/data/xhub/boards\XilinxBoardStore\boards\Xilinx\vck190\production\3.1\board.xml as part xcvc1902-vsva2197-2mp-e-s specified in board_part file is either invalid or not available
WARNING: [Board 49-26] cannot add Board Part xilinx.com:vck190:part0:3.2 available at E:/vivado_2025_1/2025.1/data/xhub/boards\XilinxBoardStore\boards\Xilinx\vck190\production\3.2\board.xml as part xcvc1902-vsva2197-2mp-e-s specified in board_part file is either invalid or not available
WARNING: [Board 49-26] cannot add Board Part xilinx.com:vck190:part0:3.3 available at E:/vivado_2025_1/2025.1/data/xhub/boards\XilinxBoardStore\boards\Xilinx\vck190\production\3.3\board.xml as part xcvc1902-vsva2197-2mp-e-s specified in board_part file is either invalid or not available
WARNING: [Board 49-26] cannot add Board Part xilinx.com:vck190:part0:3.4 available at E:/vivado_2025_1/2025.1/data/xhub/boards\XilinxBoardStore\boards\Xilinx\vck190\production\3.4\board.xml as part xcvc1902-vsva2197-2mp-e-s specified in board_part file is either invalid or not available
WARNING: [Board 49-26] cannot add Board Part xilinx.com:vck190_newl:part0:1.0 available at E:/vivado_2025_1/2025.1/data/xhub/boards\XilinxBoardStore\boards\Xilinx\vck190_newl\production\1.0\board.xml as part xcvc1902-vsva2197-2mp-e-s specified in board_part file is either invalid or not available
WARNING: [Board 49-26] cannot add Board Part xilinx.com:vck190_newl:part0:1.1 available at E:/vivado_2025_1/2025.1/data/xhub/boards\XilinxBoardStore\boards\Xilinx\vck190_newl\production\1.1\board.xml as part xcvc1902-vsva2197-2mp-e-s specified in board_part file is either invalid or not available
WARNING: [Board 49-26] cannot add Board Part xilinx.com:vck190_newl:part0:1.2 available at E:/vivado_2025_1/2025.1/data/xhub/boards\XilinxBoardStore\boards\Xilinx\vck190_newl\production\1.2\board.xml as part xcvc1902-vsva2197-2mp-e-s specified in board_part file is either invalid or not available
WARNING: [Board 49-26] cannot add Board Part xilinx.com:vck190_newl:part0:1.3 available at E:/vivado_2025_1/2025.1/data/xhub/boards\XilinxBoardStore\boards\Xilinx\vck190_newl\production\1.3\board.xml as part xcvc1902-vsva2197-2mp-e-s specified in board_part file is either invalid or not available
WARNING: [Board 49-26] cannot add Board Part xilinx.com:vcu108:part0:1.6 available at E:/vivado_2025_1/2025.1/data/xhub/boards\XilinxBoardStore\boards\Xilinx\vcu108\1.6\board.xml as part xcvu095-ffva2104-2-e specified in board_part file is either invalid or not available
WARNING: [Board 49-26] cannot add Board Part xilinx.com:vcu108:part0:1.7 available at E:/vivado_2025_1/2025.1/data/xhub/boards\XilinxBoardStore\boards\Xilinx\vcu108\1.7\board.xml as part xcvu095-ffva2104-2-e specified in board_part file is either invalid or not available
WARNING: [Board 49-26] cannot add Board Part xilinx.com:vcu110:part0:1.4 available at E:/vivado_2025_1/2025.1/data/xhub/boards\XilinxBoardStore\boards\Xilinx\vcu110\1.4\board.xml as part xcvu190-flgc2104-2-e specified in board_part file is either invalid or not available
WARNING: [Board 49-26] cannot add Board Part xilinx.com:vcu118:part0:2.0 available at E:/vivado_2025_1/2025.1/data/xhub/boards\XilinxBoardStore\boards\Xilinx\vcu118\2.0\board.xml as part xcvu9p-flga2104-2l-e specified in board_part file is either invalid or not available
WARNING: [Board 49-26] cannot add Board Part xilinx.com:vcu118:part0:2.3 available at E:/vivado_2025_1/2025.1/data/xhub/boards\XilinxBoardStore\boards\Xilinx\vcu118\2.3\board.xml as part xcvu9p-flga2104-2l-e specified in board_part file is either invalid or not available
WARNING: [Board 49-26] cannot add Board Part xilinx.com:vcu118:part0:2.4 available at E:/vivado_2025_1/2025.1/data/xhub/boards\XilinxBoardStore\boards\Xilinx\vcu118\2.4\board.xml as part xcvu9p-flga2104-2l-e specified in board_part file is either invalid or not available
WARNING: [Board 49-26] cannot add Board Part xilinx.com:vcu128:part0:1.0 available at E:/vivado_2025_1/2025.1/data/xhub/boards\XilinxBoardStore\boards\Xilinx\vcu128\production\1.0\board.xml as part xcvu37p-fsvh2892-2l-e specified in board_part file is either invalid or not available
WARNING: [Board 49-26] cannot add Board Part xilinx.com:vcu129:part0:1.0 available at E:/vivado_2025_1/2025.1/data/xhub/boards\XilinxBoardStore\boards\Xilinx\vcu129\production\1.0\board.xml as part xcvu29p-fsga2577-2l-e specified in board_part file is either invalid or not available
WARNING: [Board 49-26] cannot add Board Part xilinx.com:vcu1525:part0:1.3 available at E:/vivado_2025_1/2025.1/data/xhub/boards\XilinxBoardStore\boards\Xilinx\vcu1525\1.3\board.xml as part xcvu9p-fsgd2104-2l-e specified in board_part file is either invalid or not available
WARNING: [Board 49-26] cannot add Board Part xilinx.com:vek280:part0:1.0 available at E:/vivado_2025_1/2025.1/data/xhub/boards\XilinxBoardStore\boards\Xilinx\vek280\production\1.0\board.xml as part xcve2802-vsvh1760-2mp-e-s specified in board_part file is either invalid or not available
WARNING: [Board 49-26] cannot add Board Part xilinx.com:vek280:part0:1.1 available at E:/vivado_2025_1/2025.1/data/xhub/boards\XilinxBoardStore\boards\Xilinx\vek280\production\1.1\board.xml as part xcve2802-vsvh1760-2mp-e-s specified in board_part file is either invalid or not available
WARNING: [Board 49-26] cannot add Board Part xilinx.com:vek280:part0:1.2 available at E:/vivado_2025_1/2025.1/data/xhub/boards\XilinxBoardStore\boards\Xilinx\vek280\production\1.2\board.xml as part xcve2802-vsvh1760-2mp-e-s specified in board_part file is either invalid or not available
WARNING: [Board 49-26] cannot add Board Part xilinx.com:vek385:part0:1.0 available at E:/vivado_2025_1/2025.1/data/xhub/boards\XilinxBoardStore\boards\Xilinx\vek385\1.0\board.xml as part xc2ve3858-ssva2112-2mp-e-s specified in board_part file is either invalid or not available
WARNING: [Board 49-26] cannot add Board Part xilinx.com:vermeo_t1_mpsoc:part0:1.0 available at E:/vivado_2025_1/2025.1/data/xhub/boards\XilinxBoardStore\boards\Xilinx\vermeo_t1_mpsoc\1.0\board.xml as part xczu19eg-ffvd1760-2l-e specified in board_part file is either invalid or not available
WARNING: [Board 49-26] cannot add Board Part xilinx.com:vermeo_t1_rfsoc:part0:1.0 available at E:/vivado_2025_1/2025.1/data/xhub/boards\XilinxBoardStore\boards\Xilinx\vermeo_t1_rfsoc\1.0\board.xml as part xczu21dr-ffvd1156-2l-e specified in board_part file is either invalid or not available
WARNING: [Board 49-26] cannot add Board Part xilinx.com:vhk158:part0:1.0 available at E:/vivado_2025_1/2025.1/data/xhub/boards\XilinxBoardStore\boards\Xilinx\vhk158\production\1.0\board.xml as part xcvh1582-vsva3697-2mp-e-s specified in board_part file is either invalid or not available
WARNING: [Board 49-26] cannot add Board Part xilinx.com:vhk158:part0:1.1 available at E:/vivado_2025_1/2025.1/data/xhub/boards\XilinxBoardStore\boards\Xilinx\vhk158\production\1.1\board.xml as part xcvh1582-vsva3697-2mp-e-s specified in board_part file is either invalid or not available
WARNING: [Board 49-26] cannot add Board Part xilinx.com:vhk158:part0:1.2 available at E:/vivado_2025_1/2025.1/data/xhub/boards\XilinxBoardStore\boards\Xilinx\vhk158\production\1.2\board.xml as part xcvh1582-vsva3697-2mp-e-s specified in board_part file is either invalid or not available
WARNING: [Board 49-26] cannot add Board Part xilinx.com:vmk180:part0:2.2 available at E:/vivado_2025_1/2025.1/data/xhub/boards\XilinxBoardStore\boards\Xilinx\vmk180\production\2.2\board.xml as part xcvm1802-vsva2197-2mp-e-s specified in board_part file is either invalid or not available
WARNING: [Board 49-26] cannot add Board Part xilinx.com:vmk180:part0:3.0 available at E:/vivado_2025_1/2025.1/data/xhub/boards\XilinxBoardStore\boards\Xilinx\vmk180\production\3.0\board.xml as part xcvm1802-vsva2197-2mp-e-s specified in board_part file is either invalid or not available
WARNING: [Board 49-26] cannot add Board Part xilinx.com:vmk180:part0:3.1 available at E:/vivado_2025_1/2025.1/data/xhub/boards\XilinxBoardStore\boards\Xilinx\vmk180\production\3.1\board.xml as part xcvm1802-vsva2197-2mp-e-s specified in board_part file is either invalid or not available
WARNING: [Board 49-26] cannot add Board Part xilinx.com:vmk180:part0:3.2 available at E:/vivado_2025_1/2025.1/data/xhub/boards\XilinxBoardStore\boards\Xilinx\vmk180\production\3.2\board.xml as part xcvm1802-vsva2197-2mp-e-s specified in board_part file is either invalid or not available
WARNING: [Board 49-26] cannot add Board Part xilinx.com:vmk180:part0:3.3 available at E:/vivado_2025_1/2025.1/data/xhub/boards\XilinxBoardStore\boards\Xilinx\vmk180\production\3.3\board.xml as part xcvm1802-vsva2197-2mp-e-s specified in board_part file is either invalid or not available
WARNING: [Board 49-26] cannot add Board Part xilinx.com:vmk180_newl:part0:1.0 available at E:/vivado_2025_1/2025.1/data/xhub/boards\XilinxBoardStore\boards\Xilinx\vmk180_newl\production\1.0\board.xml as part xcvm1802-vsva2197-2mp-e-s specified in board_part file is either invalid or not available
WARNING: [Board 49-26] cannot add Board Part xilinx.com:vmk180_newl:part0:1.1 available at E:/vivado_2025_1/2025.1/data/xhub/boards\XilinxBoardStore\boards\Xilinx\vmk180_newl\production\1.1\board.xml as part xcvm1802-vsva2197-2mp-e-s specified in board_part file is either invalid or not available
WARNING: [Board 49-26] cannot add Board Part xilinx.com:vpk120:part0:1.0 available at E:/vivado_2025_1/2025.1/data/xhub/boards\XilinxBoardStore\boards\Xilinx\vpk120\production\1.0\board.xml as part xcvp1202-vsva2785-2mp-e-s specified in board_part file is either invalid or not available
WARNING: [Board 49-26] cannot add Board Part xilinx.com:vpk120:part0:1.1 available at E:/vivado_2025_1/2025.1/data/xhub/boards\XilinxBoardStore\boards\Xilinx\vpk120\production\1.1\board.xml as part xcvp1202-vsva2785-2mp-e-s specified in board_part file is either invalid or not available
WARNING: [Board 49-26] cannot add Board Part xilinx.com:vpk120:part0:1.2 available at E:/vivado_2025_1/2025.1/data/xhub/boards\XilinxBoardStore\boards\Xilinx\vpk120\production\1.2\board.xml as part xcvp1202-vsva2785-2mp-e-s specified in board_part file is either invalid or not available
WARNING: [Board 49-26] cannot add Board Part xilinx.com:vpk180:part0:1.0 available at E:/vivado_2025_1/2025.1/data/xhub/boards\XilinxBoardStore\boards\Xilinx\vpk180\production\1.0\board.xml as part xcvp1802-lsvc4072-2mp-e-s specified in board_part file is either invalid or not available
WARNING: [Board 49-26] cannot add Board Part xilinx.com:vpk180:part0:1.1 available at E:/vivado_2025_1/2025.1/data/xhub/boards\XilinxBoardStore\boards\Xilinx\vpk180\production\1.1\board.xml as part xcvp1802-lsvc4072-2mp-e-s specified in board_part file is either invalid or not available
WARNING: [Board 49-26] cannot add Board Part xilinx.com:vpk180:part0:1.2 available at E:/vivado_2025_1/2025.1/data/xhub/boards\XilinxBoardStore\boards\Xilinx\vpk180\production\1.2\board.xml as part xcvp1802-lsvc4072-2mp-e-s specified in board_part file is either invalid or not available
WARNING: [Board 49-26] cannot add Board Part xilinx.com:zcu102:part0:3.3 available at E:/vivado_2025_1/2025.1/data/xhub/boards\XilinxBoardStore\boards\Xilinx\zcu102\3.3\board.xml as part xczu9eg-ffvb1156-2-e specified in board_part file is either invalid or not available
WARNING: [Board 49-26] cannot add Board Part xilinx.com:zcu102:part0:3.4 available at E:/vivado_2025_1/2025.1/data/xhub/boards\XilinxBoardStore\boards\Xilinx\zcu102\3.4\board.xml as part xczu9eg-ffvb1156-2-e specified in board_part file is either invalid or not available
WARNING: [Board 49-26] cannot add Board Part xilinx.com:zcu104:part0:1.1 available at E:/vivado_2025_1/2025.1/data/xhub/boards\XilinxBoardStore\boards\Xilinx\zcu104\1.1\board.xml as part xczu7ev-ffvc1156-2-e specified in board_part file is either invalid or not available
WARNING: [Board 49-26] cannot add Board Part xilinx.com:zcu106:part0:2.4 available at E:/vivado_2025_1/2025.1/data/xhub/boards\XilinxBoardStore\boards\Xilinx\zcu106\2.4\board.xml as part xczu7ev-ffvc1156-2-e specified in board_part file is either invalid or not available
WARNING: [Board 49-26] cannot add Board Part xilinx.com:zcu106:part0:2.5 available at E:/vivado_2025_1/2025.1/data/xhub/boards\XilinxBoardStore\boards\Xilinx\zcu106\2.5\board.xml as part xczu7ev-ffvc1156-2-e specified in board_part file is either invalid or not available
WARNING: [Board 49-26] cannot add Board Part xilinx.com:zcu106:part0:2.6 available at E:/vivado_2025_1/2025.1/data/xhub/boards\XilinxBoardStore\boards\Xilinx\zcu106\2.6\board.xml as part xczu7ev-ffvc1156-2-e specified in board_part file is either invalid or not available
WARNING: [Board 49-26] cannot add Board Part xilinx.com:zcu111:part0:1.2 available at E:/vivado_2025_1/2025.1/data/xhub/boards\XilinxBoardStore\boards\Xilinx\zcu111\1.2\board.xml as part xczu28dr-ffvg1517-2-e specified in board_part file is either invalid or not available
WARNING: [Board 49-26] cannot add Board Part xilinx.com:zcu111:part0:1.3 available at E:/vivado_2025_1/2025.1/data/xhub/boards\XilinxBoardStore\boards\Xilinx\zcu111\1.3\board.xml as part xczu28dr-ffvg1517-2-e specified in board_part file is either invalid or not available
WARNING: [Board 49-26] cannot add Board Part xilinx.com:zcu111:part0:1.4 available at E:/vivado_2025_1/2025.1/data/xhub/boards\XilinxBoardStore\boards\Xilinx\zcu111\1.4\board.xml as part xczu28dr-ffvg1517-2-e specified in board_part file is either invalid or not available
WARNING: [Board 49-26] cannot add Board Part xilinx.com:zcu1275:part0:1.0 available at E:/vivado_2025_1/2025.1/data/xhub/boards\XilinxBoardStore\boards\Xilinx\zcu1275\1.0\board.xml as part xczu29dr-ffvf1760-2-e specified in board_part file is either invalid or not available
WARNING: [Board 49-26] cannot add Board Part xilinx.com:zcu1285:part0:1.0 available at E:/vivado_2025_1/2025.1/data/xhub/boards\XilinxBoardStore\boards\Xilinx\zcu1285\1.0\board.xml as part xczu39dr-ffvf1760-2-i specified in board_part file is either invalid or not available
WARNING: [Board 49-26] cannot add Board Part xilinx.com:zcu208:part0:2.0 available at E:/vivado_2025_1/2025.1/data/xhub/boards\XilinxBoardStore\boards\Xilinx\zcu208\production\2.0\board.xml as part xczu48dr-fsvg1517-2-e specified in board_part file is either invalid or not available
WARNING: [Board 49-26] cannot add Board Part xilinx.com:zcu208ld:part0:2.0 available at E:/vivado_2025_1/2025.1/data/xhub/boards\XilinxBoardStore\boards\Xilinx\zcu208ld\production\2.0\board.xml as part xczu58dr-fsvg1517-2-i specified in board_part file is either invalid or not available
WARNING: [Board 49-26] cannot add Board Part xilinx.com:zcu216:part0:2.0 available at E:/vivado_2025_1/2025.1/data/xhub/boards\XilinxBoardStore\boards\Xilinx\zcu216\production\2.0\board.xml as part xczu49dr-ffvf1760-2-e specified in board_part file is either invalid or not available
WARNING: [Board 49-26] cannot add Board Part xilinx.com:zcu216ld:part0:2.0 available at E:/vivado_2025_1/2025.1/data/xhub/boards\XilinxBoardStore\boards\Xilinx\zcu216ld\production\2.0\board.xml as part xczu59dr-ffvf1760-2-i specified in board_part file is either invalid or not available
WARNING: [Board 49-26] cannot add Board Part xilinx.com:zcu670:part0:2.0 available at E:/vivado_2025_1/2025.1/data/xhub/boards\XilinxBoardStore\boards\Xilinx\zcu670\2.0\board.xml as part xczu67dr-fsve1156-2-i specified in board_part file is either invalid or not available
WARNING: [Board 49-26] cannot add Board Part xilinx.com:zcu670ld:part0:1.0 available at E:/vivado_2025_1/2025.1/data/xhub/boards\XilinxBoardStore\boards\Xilinx\zcu670ld\1.0\board.xml as part xczu57dr-fsve1156-2-i specified in board_part file is either invalid or not available
open_project E:/dvs_project_u16/dvs_bypass_pack/dvs_bypass_pack.xpr
Scanning sources...
Finished scanning sources
WARNING: [Board 49-26] cannot add Board Part xilinx.com:ac701:part0:1.4 available at E:/vivado_2025_1/2025.1/data/xhub/boards\XilinxBoardStore\boards\Xilinx\ac701\1.4\board.xml as part xc7a200tfbg676-2 specified in board_part file is either invalid or not available
WARNING: [Board 49-26] cannot add Board Part xilinx.com:emb-plus-vpr-4616:part0:1.0 available at E:/vivado_2025_1/2025.1/data/xhub/boards\XilinxBoardStore\boards\Xilinx\emb-plus-vpr-4616\1.0\board.xml as part xcve2302-sfva784-2mp-e-s specified in board_part file is either invalid or not available
WARNING: [Board 49-26] cannot add Board Part xilinx.com:emb-plus-vpr-4616:part0:1.1 available at E:/vivado_2025_1/2025.1/data/xhub/boards\XilinxBoardStore\boards\Xilinx\emb-plus-vpr-4616\1.1\board.xml as part xcve2302-sfva784-2mp-e-s specified in board_part file is either invalid or not available
WARNING: [Board 49-26] cannot add Board Part xilinx.com:k24c:part0:1.0 available at E:/vivado_2025_1/2025.1/data/xhub/boards\XilinxBoardStore\boards\Xilinx\k24c\1.0\board.xml as part xck24-ubva530-2lv-c specified in board_part file is either invalid or not available
WARNING: [Board 49-26] cannot add Board Part xilinx.com:k24c:part0:1.1 available at E:/vivado_2025_1/2025.1/data/xhub/boards\XilinxBoardStore\boards\Xilinx\k24c\1.1\board.xml as part xck24-ubva530-2lv-c specified in board_part file is either invalid or not available
WARNING: [Board 49-26] cannot add Board Part xilinx.com:k24i:part0:1.0 available at E:/vivado_2025_1/2025.1/data/xhub/boards\XilinxBoardStore\boards\Xilinx\k24i\1.0\board.xml as part xck24-ubva530-2lvi-i specified in board_part file is either invalid or not available
WARNING: [Board 49-26] cannot add Board Part xilinx.com:k26c:part0:1.2 available at E:/vivado_2025_1/2025.1/data/xhub/boards\XilinxBoardStore\boards\Xilinx\k26c\1.2\board.xml as part xck26-sfvc784-2lv-c specified in board_part file is either invalid or not available
WARNING: [Board 49-26] cannot add Board Part xilinx.com:k26c:part0:1.3 available at E:/vivado_2025_1/2025.1/data/xhub/boards\XilinxBoardStore\boards\Xilinx\k26c\1.3\board.xml as part xck26-sfvc784-2lv-c specified in board_part file is either invalid or not available
WARNING: [Board 49-26] cannot add Board Part xilinx.com:k26c:part0:1.4 available at E:/vivado_2025_1/2025.1/data/xhub/boards\XilinxBoardStore\boards\Xilinx\k26c\1.4\board.xml as part xck26-sfvc784-2lv-c specified in board_part file is either invalid or not available
WARNING: [Board 49-26] cannot add Board Part xilinx.com:k26i:part0:1.2 available at E:/vivado_2025_1/2025.1/data/xhub/boards\XilinxBoardStore\boards\Xilinx\k26i\1.2\board.xml as part xck26-sfvc784-2lvi-i specified in board_part file is either invalid or not available
WARNING: [Board 49-26] cannot add Board Part xilinx.com:k26i:part0:1.3 available at E:/vivado_2025_1/2025.1/data/xhub/boards\XilinxBoardStore\boards\Xilinx\k26i\1.3\board.xml as part xck26-sfvc784-2lvi-i specified in board_part file is either invalid or not available
WARNING: [Board 49-26] cannot add Board Part xilinx.com:k26i:part0:1.4 available at E:/vivado_2025_1/2025.1/data/xhub/boards\XilinxBoardStore\boards\Xilinx\k26i\1.4\board.xml as part xck26-sfvc784-2lvi-i specified in board_part file is either invalid or not available
WARNING: [Board 49-26] cannot add Board Part xilinx.com:kc705:part0:1.6 available at E:/vivado_2025_1/2025.1/data/xhub/boards\XilinxBoardStore\boards\Xilinx\kc705\1.6\board.xml as part xc7k325tffg900-2 specified in board_part file is either invalid or not available
WARNING: [Board 49-26] cannot add Board Part xilinx.com:kc705:part0:1.7 available at E:/vivado_2025_1/2025.1/data/xhub/boards\XilinxBoardStore\boards\Xilinx\kc705\1.7\board.xml as part xc7k325tffg900-2 specified in board_part file is either invalid or not available
WARNING: [Board 49-26] cannot add Board Part xilinx.com:kcu105:part0:1.6 available at E:/vivado_2025_1/2025.1/data/xhub/boards\XilinxBoardStore\boards\Xilinx\kcu105\1.6\board.xml as part xcku040-ffva1156-2-e specified in board_part file is either invalid or not available
WARNING: [Board 49-26] cannot add Board Part xilinx.com:kcu105:part0:1.7 available at E:/vivado_2025_1/2025.1/data/xhub/boards\XilinxBoardStore\boards\Xilinx\kcu105\1.7\board.xml as part xcku040-ffva1156-2-e specified in board_part file is either invalid or not available
WARNING: [Board 49-26] cannot add Board Part xilinx.com:kcu116:part0:1.4 available at E:/vivado_2025_1/2025.1/data/xhub/boards\XilinxBoardStore\boards\Xilinx\kcu116\1.4\board.xml as part xcku5p-ffvb676-2-e specified in board_part file is either invalid or not available
WARNING: [Board 49-26] cannot add Board Part xilinx.com:kcu116:part0:1.5 available at E:/vivado_2025_1/2025.1/data/xhub/boards\XilinxBoardStore\boards\Xilinx\kcu116\1.5\board.xml as part xcku5p-ffvb676-2-e specified in board_part file is either invalid or not available
WARNING: [Board 49-26] cannot add Board Part xilinx.com:kcu1500:part0:1.2 available at E:/vivado_2025_1/2025.1/data/xhub/boards\XilinxBoardStore\boards\Xilinx\kcu1500\1.2\board.xml as part xcku115-flvb2104-2-e specified in board_part file is either invalid or not available
WARNING: [Board 49-26] cannot add Board Part xilinx.com:kd240_som:part0:1.0 available at E:/vivado_2025_1/2025.1/data/xhub/boards\XilinxBoardStore\boards\Xilinx\kd240_som\1.0\board.xml as part xck24-ubva530-2lv-c specified in board_part file is either invalid or not available
WARNING: [Board 49-26] cannot add Board Part xilinx.com:kd240_som:part0:1.1 available at E:/vivado_2025_1/2025.1/data/xhub/boards\XilinxBoardStore\boards\Xilinx\kd240_som\1.1\board.xml as part xck24-ubva530-2lv-c specified in board_part file is either invalid or not available
WARNING: [Board 49-26] cannot add Board Part xilinx.com:kr260_som:part0:1.0 available at E:/vivado_2025_1/2025.1/data/xhub/boards\XilinxBoardStore\boards\Xilinx\kr260_som\1.0\board.xml as part xck26-sfvc784-2lv-c specified in board_part file is either invalid or not available
WARNING: [Board 49-26] cannot add Board Part xilinx.com:kr260_som:part0:1.1 available at E:/vivado_2025_1/2025.1/data/xhub/boards\XilinxBoardStore\boards\Xilinx\kr260_som\1.1\board.xml as part xck26-sfvc784-2lv-c specified in board_part file is either invalid or not available
WARNING: [Board 49-26] cannot add Board Part xilinx.com:kv260_som:part0:1.2 available at E:/vivado_2025_1/2025.1/data/xhub/boards\XilinxBoardStore\boards\Xilinx\kv260_som\1.2\board.xml as part xck26-sfvc784-2lv-c specified in board_part file is either invalid or not available
WARNING: [Board 49-26] cannot add Board Part xilinx.com:kv260_som:part0:1.3 available at E:/vivado_2025_1/2025.1/data/xhub/boards\XilinxBoardStore\boards\Xilinx\kv260_som\1.3\board.xml as part xck26-sfvc784-2lv-c specified in board_part file is either invalid or not available
WARNING: [Board 49-26] cannot add Board Part xilinx.com:kv260_som:part0:1.4 available at E:/vivado_2025_1/2025.1/data/xhub/boards\XilinxBoardStore\boards\Xilinx\kv260_som\1.4\board.xml as part xck26-sfvc784-2lv-c specified in board_part file is either invalid or not available
WARNING: [Board 49-26] cannot add Board Part xilinx.com:scu35:part0:1.0 available at E:/vivado_2025_1/2025.1/data/xhub/boards\XilinxBoardStore\boards\Xilinx\scu35\1.0\board.xml as part xcsu35p-sbvb625-2-e specified in board_part file is either invalid or not available
WARNING: [Board 49-26] cannot add Board Part xilinx.com:sp701:part0:1.0 available at E:/vivado_2025_1/2025.1/data/xhub/boards\XilinxBoardStore\boards\Xilinx\sp701\1.0\board.xml as part xc7s100fgga676-2 specified in board_part file is either invalid or not available
WARNING: [Board 49-26] cannot add Board Part xilinx.com:sp701:part0:1.1 available at E:/vivado_2025_1/2025.1/data/xhub/boards\XilinxBoardStore\boards\Xilinx\sp701\1.1\board.xml as part xc7s100fgga676-2 specified in board_part file is either invalid or not available
WARNING: [Board 49-26] cannot add Board Part xilinx.com:v80:part0:1.0 available at E:/vivado_2025_1/2025.1/data/xhub/boards\XilinxBoardStore\boards\Xilinx\v80\1.0\board.xml as part xcv80-lsva4737-2mhp-e-s specified in board_part file is either invalid or not available
WARNING: [Board 49-26] cannot add Board Part xilinx.com:vc707:part0:1.4 available at E:/vivado_2025_1/2025.1/data/xhub/boards\XilinxBoardStore\boards\Xilinx\vc707\1.4\board.xml as part xc7vx485tffg1761-2 specified in board_part file is either invalid or not available
WARNING: [Board 49-26] cannot add Board Part xilinx.com:vc707:part0:1.5 available at E:/vivado_2025_1/2025.1/data/xhub/boards\XilinxBoardStore\boards\Xilinx\vc707\1.5\board.xml as part xc7vx485tffg1761-2 specified in board_part file is either invalid or not available
WARNING: [Board 49-26] cannot add Board Part xilinx.com:vc709:part0:1.8 available at E:/vivado_2025_1/2025.1/data/xhub/boards\XilinxBoardStore\boards\Xilinx\vc709\1.8\board.xml as part xc7vx690tffg1761-2 specified in board_part file is either invalid or not available
WARNING: [Board 49-26] cannot add Board Part xilinx.com:vck190:part0:2.2 available at E:/vivado_2025_1/2025.1/data/xhub/boards\XilinxBoardStore\boards\Xilinx\vck190\production\2.2\board.xml as part xcvc1902-vsva2197-2mp-e-s specified in board_part file is either invalid or not available
WARNING: [Board 49-26] cannot add Board Part xilinx.com:vck190:part0:3.0 available at E:/vivado_2025_1/2025.1/data/xhub/boards\XilinxBoardStore\boards\Xilinx\vck190\production\3.0\board.xml as part xcvc1902-vsva2197-2mp-e-s specified in board_part file is either invalid or not available
WARNING: [Board 49-26] cannot add Board Part xilinx.com:vck190:part0:3.1 available at E:/vivado_2025_1/2025.1/data/xhub/boards\XilinxBoardStore\boards\Xilinx\vck190\production\3.1\board.xml as part xcvc1902-vsva2197-2mp-e-s specified in board_part file is either invalid or not available
WARNING: [Board 49-26] cannot add Board Part xilinx.com:vck190:part0:3.2 available at E:/vivado_2025_1/2025.1/data/xhub/boards\XilinxBoardStore\boards\Xilinx\vck190\production\3.2\board.xml as part xcvc1902-vsva2197-2mp-e-s specified in board_part file is either invalid or not available
WARNING: [Board 49-26] cannot add Board Part xilinx.com:vck190:part0:3.3 available at E:/vivado_2025_1/2025.1/data/xhub/boards\XilinxBoardStore\boards\Xilinx\vck190\production\3.3\board.xml as part xcvc1902-vsva2197-2mp-e-s specified in board_part file is either invalid or not available
WARNING: [Board 49-26] cannot add Board Part xilinx.com:vck190:part0:3.4 available at E:/vivado_2025_1/2025.1/data/xhub/boards\XilinxBoardStore\boards\Xilinx\vck190\production\3.4\board.xml as part xcvc1902-vsva2197-2mp-e-s specified in board_part file is either invalid or not available
WARNING: [Board 49-26] cannot add Board Part xilinx.com:vck190_newl:part0:1.0 available at E:/vivado_2025_1/2025.1/data/xhub/boards\XilinxBoardStore\boards\Xilinx\vck190_newl\production\1.0\board.xml as part xcvc1902-vsva2197-2mp-e-s specified in board_part file is either invalid or not available
WARNING: [Board 49-26] cannot add Board Part xilinx.com:vck190_newl:part0:1.1 available at E:/vivado_2025_1/2025.1/data/xhub/boards\XilinxBoardStore\boards\Xilinx\vck190_newl\production\1.1\board.xml as part xcvc1902-vsva2197-2mp-e-s specified in board_part file is either invalid or not available
WARNING: [Board 49-26] cannot add Board Part xilinx.com:vck190_newl:part0:1.2 available at E:/vivado_2025_1/2025.1/data/xhub/boards\XilinxBoardStore\boards\Xilinx\vck190_newl\production\1.2\board.xml as part xcvc1902-vsva2197-2mp-e-s specified in board_part file is either invalid or not available
WARNING: [Board 49-26] cannot add Board Part xilinx.com:vck190_newl:part0:1.3 available at E:/vivado_2025_1/2025.1/data/xhub/boards\XilinxBoardStore\boards\Xilinx\vck190_newl\production\1.3\board.xml as part xcvc1902-vsva2197-2mp-e-s specified in board_part file is either invalid or not available
WARNING: [Board 49-26] cannot add Board Part xilinx.com:vcu108:part0:1.6 available at E:/vivado_2025_1/2025.1/data/xhub/boards\XilinxBoardStore\boards\Xilinx\vcu108\1.6\board.xml as part xcvu095-ffva2104-2-e specified in board_part file is either invalid or not available
WARNING: [Board 49-26] cannot add Board Part xilinx.com:vcu108:part0:1.7 available at E:/vivado_2025_1/2025.1/data/xhub/boards\XilinxBoardStore\boards\Xilinx\vcu108\1.7\board.xml as part xcvu095-ffva2104-2-e specified in board_part file is either invalid or not available
WARNING: [Board 49-26] cannot add Board Part xilinx.com:vcu110:part0:1.4 available at E:/vivado_2025_1/2025.1/data/xhub/boards\XilinxBoardStore\boards\Xilinx\vcu110\1.4\board.xml as part xcvu190-flgc2104-2-e specified in board_part file is either invalid or not available
WARNING: [Board 49-26] cannot add Board Part xilinx.com:vcu118:part0:2.0 available at E:/vivado_2025_1/2025.1/data/xhub/boards\XilinxBoardStore\boards\Xilinx\vcu118\2.0\board.xml as part xcvu9p-flga2104-2l-e specified in board_part file is either invalid or not available
WARNING: [Board 49-26] cannot add Board Part xilinx.com:vcu118:part0:2.3 available at E:/vivado_2025_1/2025.1/data/xhub/boards\XilinxBoardStore\boards\Xilinx\vcu118\2.3\board.xml as part xcvu9p-flga2104-2l-e specified in board_part file is either invalid or not available
WARNING: [Board 49-26] cannot add Board Part xilinx.com:vcu118:part0:2.4 available at E:/vivado_2025_1/2025.1/data/xhub/boards\XilinxBoardStore\boards\Xilinx\vcu118\2.4\board.xml as part xcvu9p-flga2104-2l-e specified in board_part file is either invalid or not available
WARNING: [Board 49-26] cannot add Board Part xilinx.com:vcu128:part0:1.0 available at E:/vivado_2025_1/2025.1/data/xhub/boards\XilinxBoardStore\boards\Xilinx\vcu128\production\1.0\board.xml as part xcvu37p-fsvh2892-2l-e specified in board_part file is either invalid or not available
WARNING: [Board 49-26] cannot add Board Part xilinx.com:vcu129:part0:1.0 available at E:/vivado_2025_1/2025.1/data/xhub/boards\XilinxBoardStore\boards\Xilinx\vcu129\production\1.0\board.xml as part xcvu29p-fsga2577-2l-e specified in board_part file is either invalid or not available
WARNING: [Board 49-26] cannot add Board Part xilinx.com:vcu1525:part0:1.3 available at E:/vivado_2025_1/2025.1/data/xhub/boards\XilinxBoardStore\boards\Xilinx\vcu1525\1.3\board.xml as part xcvu9p-fsgd2104-2l-e specified in board_part file is either invalid or not available
WARNING: [Board 49-26] cannot add Board Part xilinx.com:vek280:part0:1.0 available at E:/vivado_2025_1/2025.1/data/xhub/boards\XilinxBoardStore\boards\Xilinx\vek280\production\1.0\board.xml as part xcve2802-vsvh1760-2mp-e-s specified in board_part file is either invalid or not available
WARNING: [Board 49-26] cannot add Board Part xilinx.com:vek280:part0:1.1 available at E:/vivado_2025_1/2025.1/data/xhub/boards\XilinxBoardStore\boards\Xilinx\vek280\production\1.1\board.xml as part xcve2802-vsvh1760-2mp-e-s specified in board_part file is either invalid or not available
WARNING: [Board 49-26] cannot add Board Part xilinx.com:vek280:part0:1.2 available at E:/vivado_2025_1/2025.1/data/xhub/boards\XilinxBoardStore\boards\Xilinx\vek280\production\1.2\board.xml as part xcve2802-vsvh1760-2mp-e-s specified in board_part file is either invalid or not available
WARNING: [Board 49-26] cannot add Board Part xilinx.com:vek385:part0:1.0 available at E:/vivado_2025_1/2025.1/data/xhub/boards\XilinxBoardStore\boards\Xilinx\vek385\1.0\board.xml as part xc2ve3858-ssva2112-2mp-e-s specified in board_part file is either invalid or not available
WARNING: [Board 49-26] cannot add Board Part xilinx.com:vermeo_t1_mpsoc:part0:1.0 available at E:/vivado_2025_1/2025.1/data/xhub/boards\XilinxBoardStore\boards\Xilinx\vermeo_t1_mpsoc\1.0\board.xml as part xczu19eg-ffvd1760-2l-e specified in board_part file is either invalid or not available
WARNING: [Board 49-26] cannot add Board Part xilinx.com:vermeo_t1_rfsoc:part0:1.0 available at E:/vivado_2025_1/2025.1/data/xhub/boards\XilinxBoardStore\boards\Xilinx\vermeo_t1_rfsoc\1.0\board.xml as part xczu21dr-ffvd1156-2l-e specified in board_part file is either invalid or not available
WARNING: [Board 49-26] cannot add Board Part xilinx.com:vhk158:part0:1.0 available at E:/vivado_2025_1/2025.1/data/xhub/boards\XilinxBoardStore\boards\Xilinx\vhk158\production\1.0\board.xml as part xcvh1582-vsva3697-2mp-e-s specified in board_part file is either invalid or not available
WARNING: [Board 49-26] cannot add Board Part xilinx.com:vhk158:part0:1.1 available at E:/vivado_2025_1/2025.1/data/xhub/boards\XilinxBoardStore\boards\Xilinx\vhk158\production\1.1\board.xml as part xcvh1582-vsva3697-2mp-e-s specified in board_part file is either invalid or not available
WARNING: [Board 49-26] cannot add Board Part xilinx.com:vhk158:part0:1.2 available at E:/vivado_2025_1/2025.1/data/xhub/boards\XilinxBoardStore\boards\Xilinx\vhk158\production\1.2\board.xml as part xcvh1582-vsva3697-2mp-e-s specified in board_part file is either invalid or not available
WARNING: [Board 49-26] cannot add Board Part xilinx.com:vmk180:part0:2.2 available at E:/vivado_2025_1/2025.1/data/xhub/boards\XilinxBoardStore\boards\Xilinx\vmk180\production\2.2\board.xml as part xcvm1802-vsva2197-2mp-e-s specified in board_part file is either invalid or not available
WARNING: [Board 49-26] cannot add Board Part xilinx.com:vmk180:part0:3.0 available at E:/vivado_2025_1/2025.1/data/xhub/boards\XilinxBoardStore\boards\Xilinx\vmk180\production\3.0\board.xml as part xcvm1802-vsva2197-2mp-e-s specified in board_part file is either invalid or not available
WARNING: [Board 49-26] cannot add Board Part xilinx.com:vmk180:part0:3.1 available at E:/vivado_2025_1/2025.1/data/xhub/boards\XilinxBoardStore\boards\Xilinx\vmk180\production\3.1\board.xml as part xcvm1802-vsva2197-2mp-e-s specified in board_part file is either invalid or not available
WARNING: [Board 49-26] cannot add Board Part xilinx.com:vmk180:part0:3.2 available at E:/vivado_2025_1/2025.1/data/xhub/boards\XilinxBoardStore\boards\Xilinx\vmk180\production\3.2\board.xml as part xcvm1802-vsva2197-2mp-e-s specified in board_part file is either invalid or not available
WARNING: [Board 49-26] cannot add Board Part xilinx.com:vmk180:part0:3.3 available at E:/vivado_2025_1/2025.1/data/xhub/boards\XilinxBoardStore\boards\Xilinx\vmk180\production\3.3\board.xml as part xcvm1802-vsva2197-2mp-e-s specified in board_part file is either invalid or not available
WARNING: [Board 49-26] cannot add Board Part xilinx.com:vmk180_newl:part0:1.0 available at E:/vivado_2025_1/2025.1/data/xhub/boards\XilinxBoardStore\boards\Xilinx\vmk180_newl\production\1.0\board.xml as part xcvm1802-vsva2197-2mp-e-s specified in board_part file is either invalid or not available
WARNING: [Board 49-26] cannot add Board Part xilinx.com:vmk180_newl:part0:1.1 available at E:/vivado_2025_1/2025.1/data/xhub/boards\XilinxBoardStore\boards\Xilinx\vmk180_newl\production\1.1\board.xml as part xcvm1802-vsva2197-2mp-e-s specified in board_part file is either invalid or not available
WARNING: [Board 49-26] cannot add Board Part xilinx.com:vpk120:part0:1.0 available at E:/vivado_2025_1/2025.1/data/xhub/boards\XilinxBoardStore\boards\Xilinx\vpk120\production\1.0\board.xml as part xcvp1202-vsva2785-2mp-e-s specified in board_part file is either invalid or not available
WARNING: [Board 49-26] cannot add Board Part xilinx.com:vpk120:part0:1.1 available at E:/vivado_2025_1/2025.1/data/xhub/boards\XilinxBoardStore\boards\Xilinx\vpk120\production\1.1\board.xml as part xcvp1202-vsva2785-2mp-e-s specified in board_part file is either invalid or not available
WARNING: [Board 49-26] cannot add Board Part xilinx.com:vpk120:part0:1.2 available at E:/vivado_2025_1/2025.1/data/xhub/boards\XilinxBoardStore\boards\Xilinx\vpk120\production\1.2\board.xml as part xcvp1202-vsva2785-2mp-e-s specified in board_part file is either invalid or not available
WARNING: [Board 49-26] cannot add Board Part xilinx.com:vpk180:part0:1.0 available at E:/vivado_2025_1/2025.1/data/xhub/boards\XilinxBoardStore\boards\Xilinx\vpk180\production\1.0\board.xml as part xcvp1802-lsvc4072-2mp-e-s specified in board_part file is either invalid or not available
WARNING: [Board 49-26] cannot add Board Part xilinx.com:vpk180:part0:1.1 available at E:/vivado_2025_1/2025.1/data/xhub/boards\XilinxBoardStore\boards\Xilinx\vpk180\production\1.1\board.xml as part xcvp1802-lsvc4072-2mp-e-s specified in board_part file is either invalid or not available
WARNING: [Board 49-26] cannot add Board Part xilinx.com:vpk180:part0:1.2 available at E:/vivado_2025_1/2025.1/data/xhub/boards\XilinxBoardStore\boards\Xilinx\vpk180\production\1.2\board.xml as part xcvp1802-lsvc4072-2mp-e-s specified in board_part file is either invalid or not available
WARNING: [Board 49-26] cannot add Board Part xilinx.com:zcu102:part0:3.3 available at E:/vivado_2025_1/2025.1/data/xhub/boards\XilinxBoardStore\boards\Xilinx\zcu102\3.3\board.xml as part xczu9eg-ffvb1156-2-e specified in board_part file is either invalid or not available
WARNING: [Board 49-26] cannot add Board Part xilinx.com:zcu102:part0:3.4 available at E:/vivado_2025_1/2025.1/data/xhub/boards\XilinxBoardStore\boards\Xilinx\zcu102\3.4\board.xml as part xczu9eg-ffvb1156-2-e specified in board_part file is either invalid or not available
WARNING: [Board 49-26] cannot add Board Part xilinx.com:zcu104:part0:1.1 available at E:/vivado_2025_1/2025.1/data/xhub/boards\XilinxBoardStore\boards\Xilinx\zcu104\1.1\board.xml as part xczu7ev-ffvc1156-2-e specified in board_part file is either invalid or not available
WARNING: [Board 49-26] cannot add Board Part xilinx.com:zcu106:part0:2.4 available at E:/vivado_2025_1/2025.1/data/xhub/boards\XilinxBoardStore\boards\Xilinx\zcu106\2.4\board.xml as part xczu7ev-ffvc1156-2-e specified in board_part file is either invalid or not available
WARNING: [Board 49-26] cannot add Board Part xilinx.com:zcu106:part0:2.5 available at E:/vivado_2025_1/2025.1/data/xhub/boards\XilinxBoardStore\boards\Xilinx\zcu106\2.5\board.xml as part xczu7ev-ffvc1156-2-e specified in board_part file is either invalid or not available
WARNING: [Board 49-26] cannot add Board Part xilinx.com:zcu106:part0:2.6 available at E:/vivado_2025_1/2025.1/data/xhub/boards\XilinxBoardStore\boards\Xilinx\zcu106\2.6\board.xml as part xczu7ev-ffvc1156-2-e specified in board_part file is either invalid or not available
WARNING: [Board 49-26] cannot add Board Part xilinx.com:zcu111:part0:1.2 available at E:/vivado_2025_1/2025.1/data/xhub/boards\XilinxBoardStore\boards\Xilinx\zcu111\1.2\board.xml as part xczu28dr-ffvg1517-2-e specified in board_part file is either invalid or not available
WARNING: [Board 49-26] cannot add Board Part xilinx.com:zcu111:part0:1.3 available at E:/vivado_2025_1/2025.1/data/xhub/boards\XilinxBoardStore\boards\Xilinx\zcu111\1.3\board.xml as part xczu28dr-ffvg1517-2-e specified in board_part file is either invalid or not available
WARNING: [Board 49-26] cannot add Board Part xilinx.com:zcu111:part0:1.4 available at E:/vivado_2025_1/2025.1/data/xhub/boards\XilinxBoardStore\boards\Xilinx\zcu111\1.4\board.xml as part xczu28dr-ffvg1517-2-e specified in board_part file is either invalid or not available
WARNING: [Board 49-26] cannot add Board Part xilinx.com:zcu1275:part0:1.0 available at E:/vivado_2025_1/2025.1/data/xhub/boards\XilinxBoardStore\boards\Xilinx\zcu1275\1.0\board.xml as part xczu29dr-ffvf1760-2-e specified in board_part file is either invalid or not available
WARNING: [Board 49-26] cannot add Board Part xilinx.com:zcu1285:part0:1.0 available at E:/vivado_2025_1/2025.1/data/xhub/boards\XilinxBoardStore\boards\Xilinx\zcu1285\1.0\board.xml as part xczu39dr-ffvf1760-2-i specified in board_part file is either invalid or not available
WARNING: [Board 49-26] cannot add Board Part xilinx.com:zcu208:part0:2.0 available at E:/vivado_2025_1/2025.1/data/xhub/boards\XilinxBoardStore\boards\Xilinx\zcu208\production\2.0\board.xml as part xczu48dr-fsvg1517-2-e specified in board_part file is either invalid or not available
WARNING: [Board 49-26] cannot add Board Part xilinx.com:zcu208ld:part0:2.0 available at E:/vivado_2025_1/2025.1/data/xhub/boards\XilinxBoardStore\boards\Xilinx\zcu208ld\production\2.0\board.xml as part xczu58dr-fsvg1517-2-i specified in board_part file is either invalid or not available
WARNING: [Board 49-26] cannot add Board Part xilinx.com:zcu216:part0:2.0 available at E:/vivado_2025_1/2025.1/data/xhub/boards\XilinxBoardStore\boards\Xilinx\zcu216\production\2.0\board.xml as part xczu49dr-ffvf1760-2-e specified in board_part file is either invalid or not available
WARNING: [Board 49-26] cannot add Board Part xilinx.com:zcu216ld:part0:2.0 available at E:/vivado_2025_1/2025.1/data/xhub/boards\XilinxBoardStore\boards\Xilinx\zcu216ld\production\2.0\board.xml as part xczu59dr-ffvf1760-2-i specified in board_part file is either invalid or not available
WARNING: [Board 49-26] cannot add Board Part xilinx.com:zcu670:part0:2.0 available at E:/vivado_2025_1/2025.1/data/xhub/boards\XilinxBoardStore\boards\Xilinx\zcu670\2.0\board.xml as part xczu67dr-fsve1156-2-i specified in board_part file is either invalid or not available
WARNING: [Board 49-26] cannot add Board Part xilinx.com:zcu670ld:part0:1.0 available at E:/vivado_2025_1/2025.1/data/xhub/boards\XilinxBoardStore\boards\Xilinx\zcu670ld\1.0\board.xml as part xczu57dr-fsve1156-2-i specified in board_part file is either invalid or not available
INFO: [IP_Flow 19-234] Refreshing IP repositories
INFO: [IP_Flow 19-1704] No user IP repositories specified
INFO: [IP_Flow 19-2313] Loaded Vivado IP repository 'E:/vivado_2025_1/2025.1/Vivado/data/ip'.
INFO: [Project 1-5698] Found the below utility IPs instantiated in block design E:/dvs_project_u16/dvs_bypass_pack/dvs_bypass_pack.srcs/sources_1/bd/axi_block_design/axi_block_design.bd which have equivalent inline hdl with improved performance and reduced diskspace.
It is recommended to migrate these utility IPs to inline hdl  using the command upgrade_project -migrate_to_inline_hdl.  The utility IPs may be deprecated in future releases.
More information on inline hdl is available in UG994.
Utility IP Component Instances:
 axi_block_design_xlconcat_0_2
open_project: Time (s): cpu = 00:00:28 ; elapsed = 00:00:25 . Memory (MB): peak = 1664.164 ; gain = 122.617
update_compile_order -fileset sources_1
open_run impl_1
INFO: [Device 21-403] Loading part xc7z020clg400-1
Netlist sorting complete. Time (s): cpu = 00:00:00 ; elapsed = 00:00:00.479 . Memory (MB): peak = 1968.059 ; gain = 0.000
INFO: [Netlist 29-17] Analyzing 933 Unisim elements for replacement
INFO: [Netlist 29-28] Unisim Transformation completed in 1 CPU seconds
INFO: [Project 1-479] Netlist was created with Vivado 2025.1
INFO: [Project 1-570] Preparing netlist for logic optimization
Read ShapeDB Complete: Time (s): cpu = 00:00:00 ; elapsed = 00:00:00.093 . Memory (MB): peak = 2126.965 ; gain = 5.102
INFO: [Timing 38-478] Restoring timing data from binary archive.
INFO: [Timing 38-479] Binary timing data restore complete.
INFO: [Project 1-856] Restoring constraints from binary archive.
INFO: [Project 1-853] Binary constraint restore complete.
INFO: [Designutils 20-5722] Start Reading Physical Databases.
Reading placement.
Read Netlist Cache: Time (s): cpu = 00:00:00 ; elapsed = 00:00:00.032 . Memory (MB): peak = 2755.820 ; gain = 0.000
Reading placer database...
Read Device Cache: Time (s): cpu = 00:00:00 ; elapsed = 00:00:00.020 . Memory (MB): peak = 2755.820 ; gain = 0.000
Read PlaceDB: Time (s): cpu = 00:00:01 ; elapsed = 00:00:01 . Memory (MB): peak = 2758.383 ; gain = 2.562
Read PulsedLatchDB: Time (s): cpu = 00:00:00 ; elapsed = 00:00:00 . Memory (MB): peak = 2758.383 ; gain = 0.000
Reading routing.
Read RouteStorage: Time (s): cpu = 00:00:00 ; elapsed = 00:00:00.366 . Memory (MB): peak = 2769.676 ; gain = 11.293
Read Physdb Files: Time (s): cpu = 00:00:01 ; elapsed = 00:00:02 . Memory (MB): peak = 2769.676 ; gain = 13.855
Restored from archive | CPU: 1.000000 secs | Memory: 0.000000 MB |
Finished XDEF File Restore: Time (s): cpu = 00:00:01 ; elapsed = 00:00:02 . Memory (MB): peak = 2769.676 ; gain = 13.855
Netlist sorting complete. Time (s): cpu = 00:00:00 ; elapsed = 00:00:00.013 . Memory (MB): peak = 2769.676 ; gain = 0.000
INFO: [Project 1-111] Unisim Transformation Summary:
  A total of 142 instances were transformed.
  CFGLUT5 => CFGLUT5 (SRL16E, SRLC32E): 128 instances
  RAM32M => RAM32M (RAMD32(x6), RAMS32(x2)): 10 instances
  RAM32X1D => RAM32X1D (RAMD32(x2)): 1 instance 
  SRLC32E => SRL16E: 3 instances

open_run: Time (s): cpu = 00:00:52 ; elapsed = 00:00:34 . Memory (MB): peak = 3194.188 ; gain = 1504.047
open_report: Time (s): cpu = 00:00:14 ; elapsed = 00:00:10 . Memory (MB): peak = 3240.961 ; gain = 46.359
WARNING: [Timing 38-436] There are set_bus_skew constraint(s) in this design. Please run report_bus_skew to ensure that bus skew requirements are met.
WARNING: [filemgmt 56-199] Attempt to get parsing info during refresh. "On-the-fly" syntax checking information may be incorrect. [E:\dvs_project_u16\dvs_bypass_pack\dvs_bypass_pack.srcs\sources_1\new\address_gen.vhd:]
WARNING: [filemgmt 56-199] Attempt to get parsing info during refresh. "On-the-fly" syntax checking information may be incorrect. [E:\dvs_project_u16\dvs_bypass_pack\dvs_bypass_pack.srcs\sources_1\new\window_engine.vhd:]
WARNING: [filemgmt 56-199] Attempt to get parsing info during refresh. "On-the-fly" syntax checking information may be incorrect. [E:\dvs_project_u16\dvs_bypass_pack\dvs_bypass_pack.srcs\sources_1\new\alu_code.vhd:]
WARNING: [filemgmt 56-199] Attempt to get parsing info during refresh. "On-the-fly" syntax checking information may be incorrect. [E:\dvs_project_u16\dvs_bypass_pack\dvs_bypass_pack.srcs\sources_1\new\window_engine.vhd:]
WARNING: [filemgmt 56-199] Attempt to get parsing info during refresh. "On-the-fly" syntax checking information may be incorrect. [E:\dvs_project_u16\dvs_bypass_pack\dvs_bypass_pack.srcs\sources_1\new\window_engine.vhd:]
ERROR: [Common 17-180] Spawn failed: The operation completed successfully.

WARNING: [filemgmt 56-199] Attempt to get parsing info during refresh. "On-the-fly" syntax checking information may be incorrect. [E:\dvs_project_u16\dvs_bypass_pack\dvs_bypass_pack.srcs\sources_1\new\address_gen.vhd:]
WARNING: [filemgmt 56-199] Attempt to get parsing info during refresh. "On-the-fly" syntax checking information may be incorrect. [E:\dvs_project_u16\dvs_bypass_pack\dvs_bypass_pack.srcs\sources_1\new\window_engine.vhd:]
WARNING: [filemgmt 56-199] Attempt to get parsing info during refresh. "On-the-fly" syntax checking information may be incorrect. [E:\dvs_project_u16\dvs_bypass_pack\dvs_bypass_pack.srcs\sources_1\new\alu_code.vhd:]
WARNING: [filemgmt 56-199] Attempt to get parsing info during refresh. "On-the-fly" syntax checking information may be incorrect. [E:\dvs_project_u16\dvs_bypass_pack\dvs_bypass_pack.srcs\sources_1\new\alu_code.vhd:]
WARNING: [filemgmt 56-199] Attempt to get parsing info during refresh. "On-the-fly" syntax checking information may be incorrect. [E:\dvs_project_u16\dvs_bypass_pack\dvs_bypass_pack.srcs\sources_1\new\alu_code.vhd:]
WARNING: [filemgmt 56-199] Attempt to get parsing info during refresh. "On-the-fly" syntax checking information may be incorrect. [E:\dvs_project_u16\dvs_bypass_pack\dvs_bypass_pack.srcs\sources_1\new\address_gen.vhd:]
WARNING: [filemgmt 56-199] Attempt to get parsing info during refresh. "On-the-fly" syntax checking information may be incorrect. [E:\dvs_project_u16\dvs_bypass_pack\dvs_bypass_pack.srcs\sources_1\new\window_engine.vhd:]
WARNING: [filemgmt 56-199] Attempt to get parsing info during refresh. "On-the-fly" syntax checking information may be incorrect. [E:\dvs_project_u16\dvs_bypass_pack\dvs_bypass_pack.srcs\sources_1\new\alu_code.vhd:]
WARNING: [filemgmt 56-199] Attempt to get parsing info during refresh. "On-the-fly" syntax checking information may be incorrect. [E:\dvs_project_u16\dvs_bypass_pack\dvs_bypass_pack.srcs\sources_1\new\window_engine.vhd:]
WARNING: [filemgmt 56-199] Attempt to get parsing info during refresh. "On-the-fly" syntax checking information may be incorrect. [E:\dvs_project_u16\dvs_bypass_pack\dvs_bypass_pack.srcs\sources_1\new\window_engine.vhd:]
ERROR: [Common 17-180] Spawn failed: The operation completed successfully.

WARNING: [filemgmt 56-199] Attempt to get parsing info during refresh. "On-the-fly" syntax checking information may be incorrect. [E:\dvs_project_u16\dvs_bypass_pack\dvs_bypass_pack.srcs\sources_1\new\address_gen.vhd:]
WARNING: [filemgmt 56-199] Attempt to get parsing info during refresh. "On-the-fly" syntax checking information may be incorrect. [E:\dvs_project_u16\dvs_bypass_pack\dvs_bypass_pack.srcs\sources_1\new\window_engine.vhd:]
WARNING: [filemgmt 56-199] Attempt to get parsing info during refresh. "On-the-fly" syntax checking information may be incorrect. [E:\dvs_project_u16\dvs_bypass_pack\dvs_bypass_pack.srcs\sources_1\new\alu_code.vhd:]
WARNING: [filemgmt 56-199] Attempt to get parsing info during refresh. "On-the-fly" syntax checking information may be incorrect. [E:\dvs_project_u16\dvs_bypass_pack\dvs_bypass_pack.srcs\sources_1\new\alu_code.vhd:]
WARNING: [filemgmt 56-199] Attempt to get parsing info during refresh. "On-the-fly" syntax checking information may be incorrect. [E:\dvs_project_u16\dvs_bypass_pack\dvs_bypass_pack.srcs\sources_1\new\alu_code.vhd:]
WARNING: [filemgmt 56-199] Attempt to get parsing info during refresh. "On-the-fly" syntax checking information may be incorrect. [E:\dvs_project_u16\dvs_bypass_pack\dvs_bypass_pack.srcs\sources_1\new\coordinate_tracker.vhd:]
WARNING: [filemgmt 56-199] Attempt to get parsing info during refresh. "On-the-fly" syntax checking information may be incorrect. [E:\dvs_project_u16\dvs_bypass_pack\dvs_bypass_pack.srcs\sources_1\new\address_gen.vhd:]
WARNING: [filemgmt 56-199] Attempt to get parsing info during refresh. "On-the-fly" syntax checking information may be incorrect. [E:\dvs_project_u16\dvs_bypass_pack\dvs_bypass_pack.srcs\sources_1\new\window_engine.vhd:]
WARNING: [filemgmt 56-199] Attempt to get parsing info during refresh. "On-the-fly" syntax checking information may be incorrect. [E:\dvs_project_u16\dvs_bypass_pack\dvs_bypass_pack.srcs\sources_1\new\alu_code.vhd:]
WARNING: [filemgmt 56-199] Attempt to get parsing info during refresh. "On-the-fly" syntax checking information may be incorrect. [E:\dvs_project_u16\dvs_bypass_pack\dvs_bypass_pack.srcs\sources_1\new\address_gen.vhd:]
WARNING: [filemgmt 56-199] Attempt to get parsing info during refresh. "On-the-fly" syntax checking information may be incorrect. [E:\dvs_project_u16\dvs_bypass_pack\dvs_bypass_pack.srcs\sources_1\new\address_gen.vhd:]
open_hw_manager
connect_hw_server -allow_non_jtag
INFO: [Labtools 27-2285] Connecting to hw_server url TCP:localhost:3121
INFO: [Labtools 27-2222] Launching hw_server...
INFO: [Labtools 27-2221] Launch Output:

****** Xilinx hw_server v2025.1
  **** Build date : May  6 2025 at 09:15:36
    ** Copyright 1986-2022 Xilinx, Inc. All Rights Reserved.


INFO: [Labtools 27-3415] Connecting to cs_server url TCP:localhost:0
INFO: [Labtools 27-3417] Launching cs_server...
INFO: [Labtools 27-2221] Launch Output:


******** Xilinx cs_server v2025.1.0
  ****** Build date   : May 13 2025-21:15:27
    **** Build number : 2025.1.1747163727
      ** Copyright 2017-2022 Xilinx, Inc. All Rights Reserved.
      ** Copyright 2022-2026 Advanced Micro Devices, Inc. All Rights Reserved.



connect_hw_server: Time (s): cpu = 00:00:02 ; elapsed = 00:00:11 . Memory (MB): peak = 4120.453 ; gain = 0.000
open_hw_target
INFO: [Labtoolstcl 44-466] Opening hw_target localhost:3121/xilinx_tcf/Xilinx/1234-tulA
set_property PROGRAM.FILE {E:/dvs_project_u16/dvs_bypass_pack/dvs_bypass_pack.runs/impl_1/axi_block_design_wrapper.bit} [get_hw_devices xc7z020_1]
set_property PROBES.FILE {E:/dvs_project_u16/dvs_bypass_pack/dvs_bypass_pack.runs/impl_1/axi_block_design_wrapper.ltx} [get_hw_devices xc7z020_1]
set_property FULL_PROBES.FILE {E:/dvs_project_u16/dvs_bypass_pack/dvs_bypass_pack.runs/impl_1/axi_block_design_wrapper.ltx} [get_hw_devices xc7z020_1]
current_hw_device [get_hw_devices xc7z020_1]
refresh_hw_device [lindex [get_hw_devices xc7z020_1] 0]
INFO: [Labtools 27-1435] Device xc7z020 (JTAG device index = 1) is not programmed (DONE status = 0).
set_property PROBES.FILE {E:/dvs_project_u16/dvs_bypass_pack/dvs_bypass_pack.runs/impl_1/axi_block_design_wrapper.ltx} [get_hw_devices xc7z020_1]
set_property FULL_PROBES.FILE {E:/dvs_project_u16/dvs_bypass_pack/dvs_bypass_pack.runs/impl_1/axi_block_design_wrapper.ltx} [get_hw_devices xc7z020_1]
set_property PROGRAM.FILE {E:/dvs_project_u16/dvs_bypass_pack/dvs_bypass_pack.runs/impl_1/axi_block_design_wrapper.bit} [get_hw_devices xc7z020_1]
program_hw_devices [get_hw_devices xc7z020_1]
INFO: [Labtools 27-3164] End of startup status: HIGH
refresh_hw_device [lindex [get_hw_devices xc7z020_1] 0]
WARNING: [Xicom 50-38] xicom: No CseXsdb register file specified for CseXsdb slave type: 0, cse driver version: 0. Slave initialization skipped.
INFO: [Labtools 27-1434] Device xc7z020 (JTAG device index = 1) is programmed with a design that has no supported debug core(s) in it.
WARNING: [Labtools 27-3361] The debug hub core was not detected.
Resolution: 
1. Make sure the clock connected to the debug hub (dbg_hub) core is a free running clock and is active.
2. Make sure the BSCAN_SWITCH_USER_MASK device property in Vivado Hardware Manager reflects the user scan chain setting in the design and refresh the device.  To determine the user scan chain setting in the design, open the implemented design and use 'get_property C_USER_SCAN_CHAIN [get_debug_cores dbg_hub]'.
For more details on setting the scan chain property, consult the Vivado Debug and Programming User Guide (UG908).
WARNING: [Labtools 27-3413] Dropping logic core with cellname:'u_ila_0' at location 'uuid_23E7D65A79BC59F7BC47406C1714DFAE' from probes file, since it cannot be found on the programmed device.
WARNING: [Labtoolstcl 44-129] No matching hw_ila_data was found.
ERROR: [Labtoolstcl 44-513] HW Target shutdown. Closing target: localhost:3121/xilinx_tcf/Xilinx/1234-tulA
generate_target all [get_files  E:/dvs_project_u16/dvs_bypass_pack/dvs_bypass_pack.srcs/sources_1/bd/axi_block_design/axi_block_design.bd]
INFO: [BD 41-1637] Generated targets are already up-to-date for block design 'axi_block_design' - hence not re-generating.
export_ip_user_files -of_objects [get_files E:/dvs_project_u16/dvs_bypass_pack/dvs_bypass_pack.srcs/sources_1/bd/axi_block_design/axi_block_design.bd] -no_script -sync -force -quiet
create_ip_run [get_files -of_objects [get_fileset sources_1] E:/dvs_project_u16/dvs_bypass_pack/dvs_bypass_pack.srcs/sources_1/bd/axi_block_design/axi_block_design.bd]
launch_runs axi_block_design_acc_image_filter_0_1_synth_1 -jobs 8
[Wed Jul 29 19:45:46 2026] Launched axi_block_design_acc_image_filter_0_1_synth_1...
Run output will be captured here: E:/dvs_project_u16/dvs_bypass_pack/dvs_bypass_pack.runs/axi_block_design_acc_image_filter_0_1_synth_1/runme.log
export_simulation -lib_map_path [list {modelsim=E:/dvs_project_u16/dvs_bypass_pack/dvs_bypass_pack.cache/compile_simlib/modelsim} {questa=E:/dvs_project_u16/dvs_bypass_pack/dvs_bypass_pack.cache/compile_simlib/questa} {riviera=E:/dvs_project_u16/dvs_bypass_pack/dvs_bypass_pack.cache/compile_simlib/riviera} {activehdl=E:/dvs_project_u16/dvs_bypass_pack/dvs_bypass_pack.cache/compile_simlib/activehdl}] -of_objects [get_files E:/dvs_project_u16/dvs_bypass_pack/dvs_bypass_pack.srcs/sources_1/bd/axi_block_design/axi_block_design.bd] -directory E:/dvs_project_u16/dvs_bypass_pack/dvs_bypass_pack.ip_user_files/sim_scripts -ip_user_files_dir E:/dvs_project_u16/dvs_bypass_pack/dvs_bypass_pack.ip_user_files -ipstatic_source_dir E:/dvs_project_u16/dvs_bypass_pack/dvs_bypass_pack.ip_user_files/ipstatic -use_ip_compiled_libs -force -quiet
reset_run synth_1
INFO: [Project 1-1161] Replacing file E:/dvs_project_u16/dvs_bypass_pack/dvs_bypass_pack.srcs/utils_1/imports/synth_1/axi_block_design_wrapper.dcp with file E:/dvs_project_u16/dvs_bypass_pack/dvs_bypass_pack.runs/synth_1/axi_block_design_wrapper.dcp
WARNING: [Vivado 12-1017] Problems encountered:
1. Failed to delete one or more files in run directory E:/dvs_project_u16/dvs_bypass_pack/dvs_bypass_pack.runs/synth_1

launch_runs impl_1 -to_step write_bitstream -jobs 8
WARNING: [filemgmt 56-199] Attempt to get parsing info during refresh. "On-the-fly" syntax checking information may be incorrect. [E:\dvs_project_u16\dvs_bypass_pack\dvs_bypass_pack.srcs\sources_1\new\coordinate_tracker.vhd:]
WARNING: [filemgmt 56-199] Attempt to get parsing info during refresh. "On-the-fly" syntax checking information may be incorrect. [E:\dvs_project_u16\dvs_bypass_pack\dvs_bypass_pack.srcs\sources_1\new\params_loader.vhd:]
WARNING: [filemgmt 56-199] Attempt to get parsing info during refresh. "On-the-fly" syntax checking information may be incorrect. [E:\dvs_project_u16\dvs_bypass_pack\dvs_bypass_pack.srcs\sources_1\new\address_gen.vhd:]
WARNING: [filemgmt 56-199] Attempt to get parsing info during refresh. "On-the-fly" syntax checking information may be incorrect. [E:\dvs_project_u16\dvs_bypass_pack\dvs_bypass_pack.srcs\sources_1\new\packages.vhd:]
WARNING: [filemgmt 56-199] Attempt to get parsing info during refresh. "On-the-fly" syntax checking information may be incorrect. [E:\dvs_project_u16\dvs_bypass_pack\dvs_bypass_pack.srcs\sources_1\new\window_engine.vhd:]
WARNING: [filemgmt 56-199] Attempt to get parsing info during refresh. "On-the-fly" syntax checking information may be incorrect. [E:\dvs_project_u16\dvs_bypass_pack\dvs_bypass_pack.srcs\sources_1\new\alu_code.vhd:]
WARNING: [filemgmt 56-199] Attempt to get parsing info during refresh. "On-the-fly" syntax checking information may be incorrect. [E:\dvs_project_u16\dvs_bypass_pack\dvs_bypass_pack.srcs\sources_1\new\alu_code.vhd:]
WARNING: [filemgmt 56-199] Attempt to get parsing info during refresh. "On-the-fly" syntax checking information may be incorrect. [E:\dvs_project_u16\dvs_bypass_pack\dvs_bypass_pack.srcs\sources_1\new\alu_code.vhd:]
WARNING: [filemgmt 56-199] Attempt to get parsing info during refresh. "On-the-fly" syntax checking information may be incorrect. [E:\dvs_project_u16\dvs_bypass_pack\dvs_bypass_pack.srcs\sources_1\new\coordinate_tracker.vhd:]
WARNING: [filemgmt 56-199] Attempt to get parsing info during refresh. "On-the-fly" syntax checking information may be incorrect. [E:\dvs_project_u16\dvs_bypass_pack\dvs_bypass_pack.srcs\sources_1\new\params_loader.vhd:]
WARNING: [filemgmt 56-199] Attempt to get parsing info during refresh. "On-the-fly" syntax checking information may be incorrect. [E:\dvs_project_u16\dvs_bypass_pack\dvs_bypass_pack.srcs\sources_1\new\address_gen.vhd:]
WARNING: [filemgmt 56-199] Attempt to get parsing info during refresh. "On-the-fly" syntax checking information may be incorrect. [E:\dvs_project_u16\dvs_bypass_pack\dvs_bypass_pack.srcs\sources_1\new\packages.vhd:]
WARNING: [filemgmt 56-199] Attempt to get parsing info during refresh. "On-the-fly" syntax checking information may be incorrect. [E:\dvs_project_u16\dvs_bypass_pack\dvs_bypass_pack.srcs\sources_1\new\window_engine.vhd:]
WARNING: [filemgmt 56-199] Attempt to get parsing info during refresh. "On-the-fly" syntax checking information may be incorrect. [E:\dvs_project_u16\dvs_bypass_pack\dvs_bypass_pack.srcs\sources_1\new\alu_code.vhd:]
WARNING: [filemgmt 56-199] Attempt to get parsing info during refresh. "On-the-fly" syntax checking information may be incorrect. [E:\dvs_project_u16\dvs_bypass_pack\dvs_bypass_pack.srcs\sources_1\new\window_engine.vhd:]
WARNING: [filemgmt 56-199] Attempt to get parsing info during refresh. "On-the-fly" syntax checking information may be incorrect. [E:\dvs_project_u16\dvs_bypass_pack\dvs_bypass_pack.srcs\sources_1\new\window_engine.vhd:]
WARNING: [filemgmt 56-199] Attempt to get parsing info during refresh. "On-the-fly" syntax checking information may be incorrect. [E:\dvs_project_u16\dvs_bypass_pack\dvs_bypass_pack.srcs\sources_1\new\coordinate_tracker.vhd:]
WARNING: [filemgmt 56-199] Attempt to get parsing info during refresh. "On-the-fly" syntax checking information may be incorrect. [E:\dvs_project_u16\dvs_bypass_pack\dvs_bypass_pack.srcs\sources_1\new\params_loader.vhd:]
WARNING: [filemgmt 56-199] Attempt to get parsing info during refresh. "On-the-fly" syntax checking information may be incorrect. [E:\dvs_project_u16\dvs_bypass_pack\dvs_bypass_pack.srcs\sources_1\new\address_gen.vhd:]
WARNING: [filemgmt 56-199] Attempt to get parsing info during refresh. "On-the-fly" syntax checking information may be incorrect. [E:\dvs_project_u16\dvs_bypass_pack\dvs_bypass_pack.srcs\sources_1\new\packages.vhd:]
WARNING: [filemgmt 56-199] Attempt to get parsing info during refresh. "On-the-fly" syntax checking information may be incorrect. [E:\dvs_project_u16\dvs_bypass_pack\dvs_bypass_pack.srcs\sources_1\new\window_engine.vhd:]
WARNING: [filemgmt 56-199] Attempt to get parsing info during refresh. "On-the-fly" syntax checking information may be incorrect. [E:\dvs_project_u16\dvs_bypass_pack\dvs_bypass_pack.srcs\sources_1\new\alu_code.vhd:]
WARNING: [filemgmt 56-199] Attempt to get parsing info during refresh. "On-the-fly" syntax checking information may be incorrect. [E:\dvs_project_u16\dvs_bypass_pack\dvs_bypass_pack.srcs\sources_1\new\params_loader.vhd:]
WARNING: [filemgmt 56-199] Attempt to get parsing info during refresh. "On-the-fly" syntax checking information may be incorrect. [E:\dvs_project_u16\dvs_bypass_pack\dvs_bypass_pack.srcs\sources_1\new\params_loader.vhd:]
WARNING: [filemgmt 56-199] Attempt to get parsing info during refresh. "On-the-fly" syntax checking information may be incorrect. [E:\dvs_project_u16\dvs_bypass_pack\dvs_bypass_pack.srcs\sources_1\new\coordinate_tracker.vhd:]
WARNING: [filemgmt 56-199] Attempt to get parsing info during refresh. "On-the-fly" syntax checking information may be incorrect. [E:\dvs_project_u16\dvs_bypass_pack\dvs_bypass_pack.srcs\sources_1\new\params_loader.vhd:]
WARNING: [filemgmt 56-199] Attempt to get parsing info during refresh. "On-the-fly" syntax checking information may be incorrect. [E:\dvs_project_u16\dvs_bypass_pack\dvs_bypass_pack.srcs\sources_1\new\address_gen.vhd:]
WARNING: [filemgmt 56-199] Attempt to get parsing info during refresh. "On-the-fly" syntax checking information may be incorrect. [E:\dvs_project_u16\dvs_bypass_pack\dvs_bypass_pack.srcs\sources_1\new\packages.vhd:]
WARNING: [filemgmt 56-199] Attempt to get parsing info during refresh. "On-the-fly" syntax checking information may be incorrect. [E:\dvs_project_u16\dvs_bypass_pack\dvs_bypass_pack.srcs\sources_1\new\window_engine.vhd:]
WARNING: [filemgmt 56-199] Attempt to get parsing info during refresh. "On-the-fly" syntax checking information may be incorrect. [E:\dvs_project_u16\dvs_bypass_pack\dvs_bypass_pack.srcs\sources_1\new\alu_code.vhd:]
WARNING: [filemgmt 56-199] Attempt to get parsing info during refresh. "On-the-fly" syntax checking information may be incorrect. [E:\dvs_project_u16\dvs_bypass_pack\dvs_bypass_pack.srcs\sources_1\new\coordinate_tracker.vhd:]
WARNING: [filemgmt 56-199] Attempt to get parsing info during refresh. "On-the-fly" syntax checking information may be incorrect. [E:\dvs_project_u16\dvs_bypass_pack\dvs_bypass_pack.srcs\sources_1\new\coordinate_tracker.vhd:]
WARNING: [filemgmt 56-199] Attempt to get parsing info during refresh. "On-the-fly" syntax checking information may be incorrect. [E:\dvs_project_u16\dvs_bypass_pack\dvs_bypass_pack.srcs\sources_1\new\coordinate_tracker.vhd:]
WARNING: [filemgmt 56-199] Attempt to get parsing info during refresh. "On-the-fly" syntax checking information may be incorrect. [E:\dvs_project_u16\dvs_bypass_pack\dvs_bypass_pack.srcs\sources_1\new\params_loader.vhd:]
WARNING: [filemgmt 56-199] Attempt to get parsing info during refresh. "On-the-fly" syntax checking information may be incorrect. [E:\dvs_project_u16\dvs_bypass_pack\dvs_bypass_pack.srcs\sources_1\new\address_gen.vhd:]
WARNING: [filemgmt 56-199] Attempt to get parsing info during refresh. "On-the-fly" syntax checking information may be incorrect. [E:\dvs_project_u16\dvs_bypass_pack\dvs_bypass_pack.srcs\sources_1\new\packages.vhd:]
WARNING: [filemgmt 56-199] Attempt to get parsing info during refresh. "On-the-fly" syntax checking information may be incorrect. [E:\dvs_project_u16\dvs_bypass_pack\dvs_bypass_pack.srcs\sources_1\new\window_engine.vhd:]
WARNING: [filemgmt 56-199] Attempt to get parsing info during refresh. "On-the-fly" syntax checking information may be incorrect. [E:\dvs_project_u16\dvs_bypass_pack\dvs_bypass_pack.srcs\sources_1\new\alu_code.vhd:]
WARNING: [filemgmt 56-199] Attempt to get parsing info during refresh. "On-the-fly" syntax checking information may be incorrect. [E:\dvs_project_u16\dvs_bypass_pack\dvs_bypass_pack.srcs\sources_1\new\packages.vhd:]
WARNING: [filemgmt 56-199] Attempt to get parsing info during refresh. "On-the-fly" syntax checking information may be incorrect. [E:\dvs_project_u16\dvs_bypass_pack\dvs_bypass_pack.srcs\sources_1\new\packages.vhd:]
ERROR: [Common 17-180] Spawn failed: The operation completed successfully.

[Wed Jul 29 19:50:18 2026] Launched axi_block_design_acc_image_filter_0_1_synth_1, synth_1...
Run output will be captured here:
axi_block_design_acc_image_filter_0_1_synth_1: E:/dvs_project_u16/dvs_bypass_pack/dvs_bypass_pack.runs/axi_block_design_acc_image_filter_0_1_synth_1/runme.log
synth_1: E:/dvs_project_u16/dvs_bypass_pack/dvs_bypass_pack.runs/synth_1/runme.log
[Wed Jul 29 19:50:19 2026] Launched impl_1...
Run output will be captured here: E:/dvs_project_u16/dvs_bypass_pack/dvs_bypass_pack.runs/impl_1/runme.log
ERROR: [Common 17-39] 'launch_runs' failed due to earlier errors.
WARNING: [filemgmt 56-199] Attempt to get parsing info during refresh. "On-the-fly" syntax checking information may be incorrect. [E:\dvs_project_u16\dvs_bypass_pack\dvs_bypass_pack.srcs\sources_1\new\coordinate_tracker.vhd:]
WARNING: [filemgmt 56-199] Attempt to get parsing info during refresh. "On-the-fly" syntax checking information may be incorrect. [E:\dvs_project_u16\dvs_bypass_pack\dvs_bypass_pack.srcs\sources_1\new\params_loader.vhd:]
WARNING: [filemgmt 56-199] Attempt to get parsing info during refresh. "On-the-fly" syntax checking information may be incorrect. [E:\dvs_project_u16\dvs_bypass_pack\dvs_bypass_pack.srcs\sources_1\new\address_gen.vhd:]
WARNING: [filemgmt 56-199] Attempt to get parsing info during refresh. "On-the-fly" syntax checking information may be incorrect. [E:\dvs_project_u16\dvs_bypass_pack\dvs_bypass_pack.srcs\sources_1\new\packages.vhd:]
WARNING: [filemgmt 56-199] Attempt to get parsing info during refresh. "On-the-fly" syntax checking information may be incorrect. [E:\dvs_project_u16\dvs_bypass_pack\dvs_bypass_pack.srcs\sources_1\new\window_engine.vhd:]
WARNING: [filemgmt 56-199] Attempt to get parsing info during refresh. "On-the-fly" syntax checking information may be incorrect. [E:\dvs_project_u16\dvs_bypass_pack\dvs_bypass_pack.srcs\sources_1\new\alu_code.vhd:]
WARNING: [filemgmt 56-199] Attempt to get parsing info during refresh. "On-the-fly" syntax checking information may be incorrect. [E:\dvs_project_u16\dvs_bypass_pack\dvs_bypass_pack.srcs\sources_1\new\alu_code.vhd:]
WARNING: [filemgmt 56-199] Attempt to get parsing info during refresh. "On-the-fly" syntax checking information may be incorrect. [E:\dvs_project_u16\dvs_bypass_pack\dvs_bypass_pack.srcs\sources_1\new\alu_code.vhd:]
WARNING: [filemgmt 56-199] Attempt to get parsing info during refresh. "On-the-fly" syntax checking information may be incorrect. [E:\dvs_project_u16\dvs_bypass_pack\dvs_bypass_pack.srcs\sources_1\new\coordinate_tracker.vhd:]
WARNING: [filemgmt 56-199] Attempt to get parsing info during refresh. "On-the-fly" syntax checking information may be incorrect. [E:\dvs_project_u16\dvs_bypass_pack\dvs_bypass_pack.srcs\sources_1\new\params_loader.vhd:]
WARNING: [filemgmt 56-199] Attempt to get parsing info during refresh. "On-the-fly" syntax checking information may be incorrect. [E:\dvs_project_u16\dvs_bypass_pack\dvs_bypass_pack.srcs\sources_1\new\address_gen.vhd:]
WARNING: [filemgmt 56-199] Attempt to get parsing info during refresh. "On-the-fly" syntax checking information may be incorrect. [E:\dvs_project_u16\dvs_bypass_pack\dvs_bypass_pack.srcs\sources_1\new\packages.vhd:]
WARNING: [filemgmt 56-199] Attempt to get parsing info during refresh. "On-the-fly" syntax checking information may be incorrect. [E:\dvs_project_u16\dvs_bypass_pack\dvs_bypass_pack.srcs\sources_1\new\window_engine.vhd:]
WARNING: [filemgmt 56-199] Attempt to get parsing info during refresh. "On-the-fly" syntax checking information may be incorrect. [E:\dvs_project_u16\dvs_bypass_pack\dvs_bypass_pack.srcs\sources_1\new\alu_code.vhd:]
WARNING: [filemgmt 56-199] Attempt to get parsing info during refresh. "On-the-fly" syntax checking information may be incorrect. [E:\dvs_project_u16\dvs_bypass_pack\dvs_bypass_pack.srcs\sources_1\new\params_loader.vhd:]
WARNING: [filemgmt 56-199] Attempt to get parsing info during refresh. "On-the-fly" syntax checking information may be incorrect. [E:\dvs_project_u16\dvs_bypass_pack\dvs_bypass_pack.srcs\sources_1\new\params_loader.vhd:]
WARNING: [filemgmt 56-199] Attempt to get parsing info during refresh. "On-the-fly" syntax checking information may be incorrect. [E:\dvs_project_u16\dvs_bypass_pack\dvs_bypass_pack.srcs\sources_1\new\coordinate_tracker.vhd:]
WARNING: [filemgmt 56-199] Attempt to get parsing info during refresh. "On-the-fly" syntax checking information may be incorrect. [E:\dvs_project_u16\dvs_bypass_pack\dvs_bypass_pack.srcs\sources_1\new\params_loader.vhd:]
WARNING: [filemgmt 56-199] Attempt to get parsing info during refresh. "On-the-fly" syntax checking information may be incorrect. [E:\dvs_project_u16\dvs_bypass_pack\dvs_bypass_pack.srcs\sources_1\new\address_gen.vhd:]
WARNING: [filemgmt 56-199] Attempt to get parsing info during refresh. "On-the-fly" syntax checking information may be incorrect. [E:\dvs_project_u16\dvs_bypass_pack\dvs_bypass_pack.srcs\sources_1\new\packages.vhd:]
WARNING: [filemgmt 56-199] Attempt to get parsing info during refresh. "On-the-fly" syntax checking information may be incorrect. [E:\dvs_project_u16\dvs_bypass_pack\dvs_bypass_pack.srcs\sources_1\new\window_engine.vhd:]
WARNING: [filemgmt 56-199] Attempt to get parsing info during refresh. "On-the-fly" syntax checking information may be incorrect. [E:\dvs_project_u16\dvs_bypass_pack\dvs_bypass_pack.srcs\sources_1\new\alu_code.vhd:]
WARNING: [filemgmt 56-199] Attempt to get parsing info during refresh. "On-the-fly" syntax checking information may be incorrect. [E:\dvs_project_u16\dvs_bypass_pack\dvs_bypass_pack.srcs\sources_1\new\packages.vhd:]
WARNING: [filemgmt 56-199] Attempt to get parsing info during refresh. "On-the-fly" syntax checking information may be incorrect. [E:\dvs_project_u16\dvs_bypass_pack\dvs_bypass_pack.srcs\sources_1\new\packages.vhd:]
ERROR: [Common 17-180] Spawn failed: The operation completed successfully.

WARNING: [filemgmt 56-199] Attempt to get parsing info during refresh. "On-the-fly" syntax checking information may be incorrect. [E:\dvs_project_u16\dvs_bypass_pack\dvs_bypass_pack.srcs\sources_1\new\coordinate_tracker.vhd:]
WARNING: [filemgmt 56-199] Attempt to get parsing info during refresh. "On-the-fly" syntax checking information may be incorrect. [E:\dvs_project_u16\dvs_bypass_pack\dvs_bypass_pack.srcs\sources_1\new\params_loader.vhd:]
WARNING: [filemgmt 56-199] Attempt to get parsing info during refresh. "On-the-fly" syntax checking information may be incorrect. [E:\dvs_project_u16\dvs_bypass_pack\dvs_bypass_pack.srcs\sources_1\new\address_gen.vhd:]
WARNING: [filemgmt 56-199] Attempt to get parsing info during refresh. "On-the-fly" syntax checking information may be incorrect. [E:\dvs_project_u16\dvs_bypass_pack\dvs_bypass_pack.srcs\sources_1\new\packages.vhd:]
WARNING: [filemgmt 56-199] Attempt to get parsing info during refresh. "On-the-fly" syntax checking information may be incorrect. [E:\dvs_project_u16\dvs_bypass_pack\dvs_bypass_pack.srcs\sources_1\new\window_engine.vhd:]
WARNING: [filemgmt 56-199] Attempt to get parsing info during refresh. "On-the-fly" syntax checking information may be incorrect. [E:\dvs_project_u16\dvs_bypass_pack\dvs_bypass_pack.srcs\sources_1\new\alu_code.vhd:]
WARNING: [filemgmt 56-199] Attempt to get parsing info during refresh. "On-the-fly" syntax checking information may be incorrect. [E:\dvs_project_u16\dvs_bypass_pack\dvs_bypass_pack.srcs\sources_1\new\window_engine.vhd:]
WARNING: [filemgmt 56-199] Attempt to get parsing info during refresh. "On-the-fly" syntax checking information may be incorrect. [E:\dvs_project_u16\dvs_bypass_pack\dvs_bypass_pack.srcs\sources_1\new\window_engine.vhd:]
WARNING: [filemgmt 56-199] Attempt to get parsing info during refresh. "On-the-fly" syntax checking information may be incorrect. [E:\dvs_project_u16\dvs_bypass_pack\dvs_bypass_pack.srcs\sources_1\new\coordinate_tracker.vhd:]
WARNING: [filemgmt 56-199] Attempt to get parsing info during refresh. "On-the-fly" syntax checking information may be incorrect. [E:\dvs_project_u16\dvs_bypass_pack\dvs_bypass_pack.srcs\sources_1\new\params_loader.vhd:]
WARNING: [filemgmt 56-199] Attempt to get parsing info during refresh. "On-the-fly" syntax checking information may be incorrect. [E:\dvs_project_u16\dvs_bypass_pack\dvs_bypass_pack.srcs\sources_1\new\address_gen.vhd:]
WARNING: [filemgmt 56-199] Attempt to get parsing info during refresh. "On-the-fly" syntax checking information may be incorrect. [E:\dvs_project_u16\dvs_bypass_pack\dvs_bypass_pack.srcs\sources_1\new\packages.vhd:]
WARNING: [filemgmt 56-199] Attempt to get parsing info during refresh. "On-the-fly" syntax checking information may be incorrect. [E:\dvs_project_u16\dvs_bypass_pack\dvs_bypass_pack.srcs\sources_1\new\window_engine.vhd:]
WARNING: [filemgmt 56-199] Attempt to get parsing info during refresh. "On-the-fly" syntax checking information may be incorrect. [E:\dvs_project_u16\dvs_bypass_pack\dvs_bypass_pack.srcs\sources_1\new\alu_code.vhd:]
WARNING: [filemgmt 56-199] Attempt to get parsing info during refresh. "On-the-fly" syntax checking information may be incorrect. [E:\dvs_project_u16\dvs_bypass_pack\dvs_bypass_pack.srcs\sources_1\new\address_gen.vhd:]
WARNING: [filemgmt 56-199] Attempt to get parsing info during refresh. "On-the-fly" syntax checking information may be incorrect. [E:\dvs_project_u16\dvs_bypass_pack\dvs_bypass_pack.srcs\sources_1\new\address_gen.vhd:]
WARNING: [filemgmt 56-199] Attempt to get parsing info during refresh. "On-the-fly" syntax checking information may be incorrect. [E:\dvs_project_u16\dvs_bypass_pack\dvs_bypass_pack.srcs\sources_1\new\coordinate_tracker.vhd:]
WARNING: [filemgmt 56-199] Attempt to get parsing info during refresh. "On-the-fly" syntax checking information may be incorrect. [E:\dvs_project_u16\dvs_bypass_pack\dvs_bypass_pack.srcs\sources_1\new\params_loader.vhd:]
WARNING: [filemgmt 56-199] Attempt to get parsing info during refresh. "On-the-fly" syntax checking information may be incorrect. [E:\dvs_project_u16\dvs_bypass_pack\dvs_bypass_pack.srcs\sources_1\new\address_gen.vhd:]
WARNING: [filemgmt 56-199] Attempt to get parsing info during refresh. "On-the-fly" syntax checking information may be incorrect. [E:\dvs_project_u16\dvs_bypass_pack\dvs_bypass_pack.srcs\sources_1\new\packages.vhd:]
WARNING: [filemgmt 56-199] Attempt to get parsing info during refresh. "On-the-fly" syntax checking information may be incorrect. [E:\dvs_project_u16\dvs_bypass_pack\dvs_bypass_pack.srcs\sources_1\new\window_engine.vhd:]
WARNING: [filemgmt 56-199] Attempt to get parsing info during refresh. "On-the-fly" syntax checking information may be incorrect. [E:\dvs_project_u16\dvs_bypass_pack\dvs_bypass_pack.srcs\sources_1\new\alu_code.vhd:]
WARNING: [filemgmt 56-199] Attempt to get parsing info during refresh. "On-the-fly" syntax checking information may be incorrect. [E:\dvs_project_u16\dvs_bypass_pack\dvs_bypass_pack.srcs\sources_1\new\alu_code.vhd:]
WARNING: [filemgmt 56-199] Attempt to get parsing info during refresh. "On-the-fly" syntax checking information may be incorrect. [E:\dvs_project_u16\dvs_bypass_pack\dvs_bypass_pack.srcs\sources_1\new\alu_code.vhd:]
WARNING: [filemgmt 56-199] Attempt to get parsing info during refresh. "On-the-fly" syntax checking information may be incorrect. [E:\dvs_project_u16\dvs_bypass_pack\dvs_bypass_pack.srcs\sources_1\new\coordinate_tracker.vhd:]
WARNING: [filemgmt 56-199] Attempt to get parsing info during refresh. "On-the-fly" syntax checking information may be incorrect. [E:\dvs_project_u16\dvs_bypass_pack\dvs_bypass_pack.srcs\sources_1\new\params_loader.vhd:]
WARNING: [filemgmt 56-199] Attempt to get parsing info during refresh. "On-the-fly" syntax checking information may be incorrect. [E:\dvs_project_u16\dvs_bypass_pack\dvs_bypass_pack.srcs\sources_1\new\address_gen.vhd:]
WARNING: [filemgmt 56-199] Attempt to get parsing info during refresh. "On-the-fly" syntax checking information may be incorrect. [E:\dvs_project_u16\dvs_bypass_pack\dvs_bypass_pack.srcs\sources_1\new\packages.vhd:]
WARNING: [filemgmt 56-199] Attempt to get parsing info during refresh. "On-the-fly" syntax checking information may be incorrect. [E:\dvs_project_u16\dvs_bypass_pack\dvs_bypass_pack.srcs\sources_1\new\window_engine.vhd:]
WARNING: [filemgmt 56-199] Attempt to get parsing info during refresh. "On-the-fly" syntax checking information may be incorrect. [E:\dvs_project_u16\dvs_bypass_pack\dvs_bypass_pack.srcs\sources_1\new\alu_code.vhd:]
WARNING: [filemgmt 56-199] Attempt to get parsing info during refresh. "On-the-fly" syntax checking information may be incorrect. [E:\dvs_project_u16\dvs_bypass_pack\dvs_bypass_pack.srcs\sources_1\new\address_gen.vhd:]
WARNING: [filemgmt 56-199] Attempt to get parsing info during refresh. "On-the-fly" syntax checking information may be incorrect. [E:\dvs_project_u16\dvs_bypass_pack\dvs_bypass_pack.srcs\sources_1\new\address_gen.vhd:]
WARNING: [filemgmt 56-199] Attempt to get parsing info during refresh. "On-the-fly" syntax checking information may be incorrect. [E:\dvs_project_u16\dvs_bypass_pack\dvs_bypass_pack.srcs\sources_1\new\coordinate_tracker.vhd:]
WARNING: [filemgmt 56-199] Attempt to get parsing info during refresh. "On-the-fly" syntax checking information may be incorrect. [E:\dvs_project_u16\dvs_bypass_pack\dvs_bypass_pack.srcs\sources_1\new\params_loader.vhd:]
WARNING: [filemgmt 56-199] Attempt to get parsing info during refresh. "On-the-fly" syntax checking information may be incorrect. [E:\dvs_project_u16\dvs_bypass_pack\dvs_bypass_pack.srcs\sources_1\new\address_gen.vhd:]
WARNING: [filemgmt 56-199] Attempt to get parsing info during refresh. "On-the-fly" syntax checking information may be incorrect. [E:\dvs_project_u16\dvs_bypass_pack\dvs_bypass_pack.srcs\sources_1\new\packages.vhd:]
WARNING: [filemgmt 56-199] Attempt to get parsing info during refresh. "On-the-fly" syntax checking information may be incorrect. [E:\dvs_project_u16\dvs_bypass_pack\dvs_bypass_pack.srcs\sources_1\new\window_engine.vhd:]
WARNING: [filemgmt 56-199] Attempt to get parsing info during refresh. "On-the-fly" syntax checking information may be incorrect. [E:\dvs_project_u16\dvs_bypass_pack\dvs_bypass_pack.srcs\sources_1\new\alu_code.vhd:]
WARNING: [filemgmt 56-199] Attempt to get parsing info during refresh. "On-the-fly" syntax checking information may be incorrect. [E:\dvs_project_u16\dvs_bypass_pack\dvs_bypass_pack.srcs\sources_1\new\coordinate_tracker.vhd:]
WARNING: [filemgmt 56-199] Attempt to get parsing info during refresh. "On-the-fly" syntax checking information may be incorrect. [E:\dvs_project_u16\dvs_bypass_pack\dvs_bypass_pack.srcs\sources_1\new\coordinate_tracker.vhd:]
WARNING: [filemgmt 56-199] Attempt to get parsing info during refresh. "On-the-fly" syntax checking information may be incorrect. [E:\dvs_project_u16\dvs_bypass_pack\dvs_bypass_pack.srcs\sources_1\new\coordinate_tracker.vhd:]
WARNING: [filemgmt 56-199] Attempt to get parsing info during refresh. "On-the-fly" syntax checking information may be incorrect. [E:\dvs_project_u16\dvs_bypass_pack\dvs_bypass_pack.srcs\sources_1\new\params_loader.vhd:]
WARNING: [filemgmt 56-199] Attempt to get parsing info during refresh. "On-the-fly" syntax checking information may be incorrect. [E:\dvs_project_u16\dvs_bypass_pack\dvs_bypass_pack.srcs\sources_1\new\address_gen.vhd:]
WARNING: [filemgmt 56-199] Attempt to get parsing info during refresh. "On-the-fly" syntax checking information may be incorrect. [E:\dvs_project_u16\dvs_bypass_pack\dvs_bypass_pack.srcs\sources_1\new\packages.vhd:]
WARNING: [filemgmt 56-199] Attempt to get parsing info during refresh. "On-the-fly" syntax checking information may be incorrect. [E:\dvs_project_u16\dvs_bypass_pack\dvs_bypass_pack.srcs\sources_1\new\window_engine.vhd:]
WARNING: [filemgmt 56-199] Attempt to get parsing info during refresh. "On-the-fly" syntax checking information may be incorrect. [E:\dvs_project_u16\dvs_bypass_pack\dvs_bypass_pack.srcs\sources_1\new\alu_code.vhd:]
WARNING: [filemgmt 56-199] Attempt to get parsing info during refresh. "On-the-fly" syntax checking information may be incorrect. [E:\dvs_project_u16\dvs_bypass_pack\dvs_bypass_pack.srcs\sources_1\new\params_loader.vhd:]
WARNING: [filemgmt 56-199] Attempt to get parsing info during refresh. "On-the-fly" syntax checking information may be incorrect. [E:\dvs_project_u16\dvs_bypass_pack\dvs_bypass_pack.srcs\sources_1\new\params_loader.vhd:]
WARNING: [filemgmt 56-199] Attempt to get parsing info during refresh. "On-the-fly" syntax checking information may be incorrect. [E:\dvs_project_u16\dvs_bypass_pack\dvs_bypass_pack.srcs\sources_1\new\coordinate_tracker.vhd:]
WARNING: [filemgmt 56-199] Attempt to get parsing info during refresh. "On-the-fly" syntax checking information may be incorrect. [E:\dvs_project_u16\dvs_bypass_pack\dvs_bypass_pack.srcs\sources_1\new\params_loader.vhd:]
WARNING: [filemgmt 56-199] Attempt to get parsing info during refresh. "On-the-fly" syntax checking information may be incorrect. [E:\dvs_project_u16\dvs_bypass_pack\dvs_bypass_pack.srcs\sources_1\new\address_gen.vhd:]
WARNING: [filemgmt 56-199] Attempt to get parsing info during refresh. "On-the-fly" syntax checking information may be incorrect. [E:\dvs_project_u16\dvs_bypass_pack\dvs_bypass_pack.srcs\sources_1\new\packages.vhd:]
WARNING: [filemgmt 56-199] Attempt to get parsing info during refresh. "On-the-fly" syntax checking information may be incorrect. [E:\dvs_project_u16\dvs_bypass_pack\dvs_bypass_pack.srcs\sources_1\new\window_engine.vhd:]
WARNING: [filemgmt 56-199] Attempt to get parsing info during refresh. "On-the-fly" syntax checking information may be incorrect. [E:\dvs_project_u16\dvs_bypass_pack\dvs_bypass_pack.srcs\sources_1\new\alu_code.vhd:]
WARNING: [filemgmt 56-199] Attempt to get parsing info during refresh. "On-the-fly" syntax checking information may be incorrect. [E:\dvs_project_u16\dvs_bypass_pack\dvs_bypass_pack.srcs\sources_1\new\window_engine.vhd:]
WARNING: [filemgmt 56-199] Attempt to get parsing info during refresh. "On-the-fly" syntax checking information may be incorrect. [E:\dvs_project_u16\dvs_bypass_pack\dvs_bypass_pack.srcs\sources_1\new\window_engine.vhd:]
WARNING: [filemgmt 56-199] Attempt to get parsing info during refresh. "On-the-fly" syntax checking information may be incorrect. [E:\dvs_project_u16\dvs_bypass_pack\dvs_bypass_pack.srcs\sources_1\new\coordinate_tracker.vhd:]
WARNING: [filemgmt 56-199] Attempt to get parsing info during refresh. "On-the-fly" syntax checking information may be incorrect. [E:\dvs_project_u16\dvs_bypass_pack\dvs_bypass_pack.srcs\sources_1\new\params_loader.vhd:]
WARNING: [filemgmt 56-199] Attempt to get parsing info during refresh. "On-the-fly" syntax checking information may be incorrect. [E:\dvs_project_u16\dvs_bypass_pack\dvs_bypass_pack.srcs\sources_1\new\address_gen.vhd:]
WARNING: [filemgmt 56-199] Attempt to get parsing info during refresh. "On-the-fly" syntax checking information may be incorrect. [E:\dvs_project_u16\dvs_bypass_pack\dvs_bypass_pack.srcs\sources_1\new\packages.vhd:]
WARNING: [filemgmt 56-199] Attempt to get parsing info during refresh. "On-the-fly" syntax checking information may be incorrect. [E:\dvs_project_u16\dvs_bypass_pack\dvs_bypass_pack.srcs\sources_1\new\window_engine.vhd:]
WARNING: [filemgmt 56-199] Attempt to get parsing info during refresh. "On-the-fly" syntax checking information may be incorrect. [E:\dvs_project_u16\dvs_bypass_pack\dvs_bypass_pack.srcs\sources_1\new\alu_code.vhd:]
WARNING: [filemgmt 56-199] Attempt to get parsing info during refresh. "On-the-fly" syntax checking information may be incorrect. [E:\dvs_project_u16\dvs_bypass_pack\dvs_bypass_pack.srcs\sources_1\new\packages.vhd:]
WARNING: [filemgmt 56-199] Attempt to get parsing info during refresh. "On-the-fly" syntax checking information may be incorrect. [E:\dvs_project_u16\dvs_bypass_pack\dvs_bypass_pack.srcs\sources_1\new\packages.vhd:]
WARNING: [filemgmt 56-199] Attempt to get parsing info during refresh. "On-the-fly" syntax checking information may be incorrect. [E:\dvs_project_u16\dvs_bypass_pack\dvs_bypass_pack.srcs\sources_1\new\coordinate_tracker.vhd:]
WARNING: [filemgmt 56-199] Attempt to get parsing info during refresh. "On-the-fly" syntax checking information may be incorrect. [E:\dvs_project_u16\dvs_bypass_pack\dvs_bypass_pack.srcs\sources_1\new\params_loader.vhd:]
WARNING: [filemgmt 56-199] Attempt to get parsing info during refresh. "On-the-fly" syntax checking information may be incorrect. [E:\dvs_project_u16\dvs_bypass_pack\dvs_bypass_pack.srcs\sources_1\new\address_gen.vhd:]
WARNING: [filemgmt 56-199] Attempt to get parsing info during refresh. "On-the-fly" syntax checking information may be incorrect. [E:\dvs_project_u16\dvs_bypass_pack\dvs_bypass_pack.srcs\sources_1\new\packages.vhd:]
WARNING: [filemgmt 56-199] Attempt to get parsing info during refresh. "On-the-fly" syntax checking information may be incorrect. [E:\dvs_project_u16\dvs_bypass_pack\dvs_bypass_pack.srcs\sources_1\new\window_engine.vhd:]
WARNING: [filemgmt 56-199] Attempt to get parsing info during refresh. "On-the-fly" syntax checking information may be incorrect. [E:\dvs_project_u16\dvs_bypass_pack\dvs_bypass_pack.srcs\sources_1\new\alu_code.vhd:]
WARNING: [filemgmt 56-199] Attempt to get parsing info during refresh. "On-the-fly" syntax checking information may be incorrect. [E:\dvs_project_u16\dvs_bypass_pack\dvs_bypass_pack.srcs\sources_1\new\coordinate_tracker.vhd:]
WARNING: [filemgmt 56-199] Attempt to get parsing info during refresh. "On-the-fly" syntax checking information may be incorrect. [E:\dvs_project_u16\dvs_bypass_pack\dvs_bypass_pack.srcs\sources_1\new\coordinate_tracker.vhd:]
WARNING: [filemgmt 56-199] Attempt to get parsing info during refresh. "On-the-fly" syntax checking information may be incorrect. [E:\dvs_project_u16\dvs_bypass_pack\dvs_bypass_pack.srcs\sources_1\new\coordinate_tracker.vhd:]
WARNING: [filemgmt 56-199] Attempt to get parsing info during refresh. "On-the-fly" syntax checking information may be incorrect. [E:\dvs_project_u16\dvs_bypass_pack\dvs_bypass_pack.srcs\sources_1\new\params_loader.vhd:]
WARNING: [filemgmt 56-199] Attempt to get parsing info during refresh. "On-the-fly" syntax checking information may be incorrect. [E:\dvs_project_u16\dvs_bypass_pack\dvs_bypass_pack.srcs\sources_1\new\address_gen.vhd:]
WARNING: [filemgmt 56-199] Attempt to get parsing info during refresh. "On-the-fly" syntax checking information may be incorrect. [E:\dvs_project_u16\dvs_bypass_pack\dvs_bypass_pack.srcs\sources_1\new\packages.vhd:]
WARNING: [filemgmt 56-199] Attempt to get parsing info during refresh. "On-the-fly" syntax checking information may be incorrect. [E:\dvs_project_u16\dvs_bypass_pack\dvs_bypass_pack.srcs\sources_1\new\window_engine.vhd:]
WARNING: [filemgmt 56-199] Attempt to get parsing info during refresh. "On-the-fly" syntax checking information may be incorrect. [E:\dvs_project_u16\dvs_bypass_pack\dvs_bypass_pack.srcs\sources_1\new\alu_code.vhd:]
WARNING: [filemgmt 56-199] Attempt to get parsing info during refresh. "On-the-fly" syntax checking information may be incorrect. [E:\dvs_project_u16\dvs_bypass_pack\dvs_bypass_pack.srcs\sources_1\new\coordinate_tracker.vhd:]
WARNING: [filemgmt 56-199] Attempt to get parsing info during refresh. "On-the-fly" syntax checking information may be incorrect. [E:\dvs_project_u16\dvs_bypass_pack\dvs_bypass_pack.srcs\sources_1\new\coordinate_tracker.vhd:]
WARNING: [filemgmt 56-199] Attempt to get parsing info during refresh. "On-the-fly" syntax checking information may be incorrect. [E:\dvs_project_u16\dvs_bypass_pack\dvs_bypass_pack.srcs\sources_1\new\coordinate_tracker.vhd:]
WARNING: [filemgmt 56-199] Attempt to get parsing info during refresh. "On-the-fly" syntax checking information may be incorrect. [E:\dvs_project_u16\dvs_bypass_pack\dvs_bypass_pack.srcs\sources_1\new\params_loader.vhd:]
WARNING: [filemgmt 56-199] Attempt to get parsing info during refresh. "On-the-fly" syntax checking information may be incorrect. [E:\dvs_project_u16\dvs_bypass_pack\dvs_bypass_pack.srcs\sources_1\new\address_gen.vhd:]
WARNING: [filemgmt 56-199] Attempt to get parsing info during refresh. "On-the-fly" syntax checking information may be incorrect. [E:\dvs_project_u16\dvs_bypass_pack\dvs_bypass_pack.srcs\sources_1\new\packages.vhd:]
WARNING: [filemgmt 56-199] Attempt to get parsing info during refresh. "On-the-fly" syntax checking information may be incorrect. [E:\dvs_project_u16\dvs_bypass_pack\dvs_bypass_pack.srcs\sources_1\new\window_engine.vhd:]
WARNING: [filemgmt 56-199] Attempt to get parsing info during refresh. "On-the-fly" syntax checking information may be incorrect. [E:\dvs_project_u16\dvs_bypass_pack\dvs_bypass_pack.srcs\sources_1\new\alu_code.vhd:]
WARNING: [filemgmt 56-199] Attempt to get parsing info during refresh. "On-the-fly" syntax checking information may be incorrect. [E:\dvs_project_u16\dvs_bypass_pack\dvs_bypass_pack.srcs\sources_1\new\params_loader.vhd:]
WARNING: [filemgmt 56-199] Attempt to get parsing info during refresh. "On-the-fly" syntax checking information may be incorrect. [E:\dvs_project_u16\dvs_bypass_pack\dvs_bypass_pack.srcs\sources_1\new\params_loader.vhd:]
WARNING: [filemgmt 56-199] Attempt to get parsing info during refresh. "On-the-fly" syntax checking information may be incorrect. [E:\dvs_project_u16\dvs_bypass_pack\dvs_bypass_pack.srcs\sources_1\new\coordinate_tracker.vhd:]
WARNING: [filemgmt 56-199] Attempt to get parsing info during refresh. "On-the-fly" syntax checking information may be incorrect. [E:\dvs_project_u16\dvs_bypass_pack\dvs_bypass_pack.srcs\sources_1\new\params_loader.vhd:]
WARNING: [filemgmt 56-199] Attempt to get parsing info during refresh. "On-the-fly" syntax checking information may be incorrect. [E:\dvs_project_u16\dvs_bypass_pack\dvs_bypass_pack.srcs\sources_1\new\address_gen.vhd:]
WARNING: [filemgmt 56-199] Attempt to get parsing info during refresh. "On-the-fly" syntax checking information may be incorrect. [E:\dvs_project_u16\dvs_bypass_pack\dvs_bypass_pack.srcs\sources_1\new\packages.vhd:]
WARNING: [filemgmt 56-199] Attempt to get parsing info during refresh. "On-the-fly" syntax checking information may be incorrect. [E:\dvs_project_u16\dvs_bypass_pack\dvs_bypass_pack.srcs\sources_1\new\window_engine.vhd:]
WARNING: [filemgmt 56-199] Attempt to get parsing info during refresh. "On-the-fly" syntax checking information may be incorrect. [E:\dvs_project_u16\dvs_bypass_pack\dvs_bypass_pack.srcs\sources_1\new\alu_code.vhd:]
WARNING: [filemgmt 56-199] Attempt to get parsing info during refresh. "On-the-fly" syntax checking information may be incorrect. [E:\dvs_project_u16\dvs_bypass_pack\dvs_bypass_pack.srcs\sources_1\new\coordinate_tracker.vhd:]
WARNING: [filemgmt 56-199] Attempt to get parsing info during refresh. "On-the-fly" syntax checking information may be incorrect. [E:\dvs_project_u16\dvs_bypass_pack\dvs_bypass_pack.srcs\sources_1\new\coordinate_tracker.vhd:]
WARNING: [filemgmt 56-199] Attempt to get parsing info during refresh. "On-the-fly" syntax checking information may be incorrect. [E:\dvs_project_u16\dvs_bypass_pack\dvs_bypass_pack.srcs\sources_1\new\coordinate_tracker.vhd:]
WARNING: [filemgmt 56-199] Attempt to get parsing info during refresh. "On-the-fly" syntax checking information may be incorrect. [E:\dvs_project_u16\dvs_bypass_pack\dvs_bypass_pack.srcs\sources_1\new\params_loader.vhd:]
WARNING: [filemgmt 56-199] Attempt to get parsing info during refresh. "On-the-fly" syntax checking information may be incorrect. [E:\dvs_project_u16\dvs_bypass_pack\dvs_bypass_pack.srcs\sources_1\new\address_gen.vhd:]
WARNING: [filemgmt 56-199] Attempt to get parsing info during refresh. "On-the-fly" syntax checking information may be incorrect. [E:\dvs_project_u16\dvs_bypass_pack\dvs_bypass_pack.srcs\sources_1\new\packages.vhd:]
WARNING: [filemgmt 56-199] Attempt to get parsing info during refresh. "On-the-fly" syntax checking information may be incorrect. [E:\dvs_project_u16\dvs_bypass_pack\dvs_bypass_pack.srcs\sources_1\new\window_engine.vhd:]
WARNING: [filemgmt 56-199] Attempt to get parsing info during refresh. "On-the-fly" syntax checking information may be incorrect. [E:\dvs_project_u16\dvs_bypass_pack\dvs_bypass_pack.srcs\sources_1\new\alu_code.vhd:]
WARNING: [filemgmt 56-199] Attempt to get parsing info during refresh. "On-the-fly" syntax checking information may be incorrect. [E:\dvs_project_u16\dvs_bypass_pack\dvs_bypass_pack.srcs\sources_1\new\packages.vhd:]
WARNING: [filemgmt 56-199] Attempt to get parsing info during refresh. "On-the-fly" syntax checking information may be incorrect. [E:\dvs_project_u16\dvs_bypass_pack\dvs_bypass_pack.srcs\sources_1\new\packages.vhd:]
ERROR: [Common 17-180] Spawn failed: The operation completed successfully.

WARNING: [filemgmt 56-199] Attempt to get parsing info during refresh. "On-the-fly" syntax checking information may be incorrect. [E:\dvs_project_u16\dvs_bypass_pack\dvs_bypass_pack.srcs\sources_1\new\coordinate_tracker.vhd:]
WARNING: [filemgmt 56-199] Attempt to get parsing info during refresh. "On-the-fly" syntax checking information may be incorrect. [E:\dvs_project_u16\dvs_bypass_pack\dvs_bypass_pack.srcs\sources_1\new\params_loader.vhd:]
WARNING: [filemgmt 56-199] Attempt to get parsing info during refresh. "On-the-fly" syntax checking information may be incorrect. [E:\dvs_project_u16\dvs_bypass_pack\dvs_bypass_pack.srcs\sources_1\new\address_gen.vhd:]
WARNING: [filemgmt 56-199] Attempt to get parsing info during refresh. "On-the-fly" syntax checking information may be incorrect. [E:\dvs_project_u16\dvs_bypass_pack\dvs_bypass_pack.srcs\sources_1\new\packages.vhd:]
WARNING: [filemgmt 56-199] Attempt to get parsing info during refresh. "On-the-fly" syntax checking information may be incorrect. [E:\dvs_project_u16\dvs_bypass_pack\dvs_bypass_pack.srcs\sources_1\new\window_engine.vhd:]
WARNING: [filemgmt 56-199] Attempt to get parsing info during refresh. "On-the-fly" syntax checking information may be incorrect. [E:\dvs_project_u16\dvs_bypass_pack\dvs_bypass_pack.srcs\sources_1\new\alu_code.vhd:]
WARNING: [filemgmt 56-199] Attempt to get parsing info during refresh. "On-the-fly" syntax checking information may be incorrect. [E:\dvs_project_u16\dvs_bypass_pack\dvs_bypass_pack.srcs\sources_1\new\coordinate_tracker.vhd:]
WARNING: [filemgmt 56-199] Attempt to get parsing info during refresh. "On-the-fly" syntax checking information may be incorrect. [E:\dvs_project_u16\dvs_bypass_pack\dvs_bypass_pack.srcs\sources_1\new\coordinate_tracker.vhd:]
WARNING: [filemgmt 56-199] Attempt to get parsing info during refresh. "On-the-fly" syntax checking information may be incorrect. [E:\dvs_project_u16\dvs_bypass_pack\dvs_bypass_pack.srcs\sources_1\new\coordinate_tracker.vhd:]
WARNING: [filemgmt 56-199] Attempt to get parsing info during refresh. "On-the-fly" syntax checking information may be incorrect. [E:\dvs_project_u16\dvs_bypass_pack\dvs_bypass_pack.srcs\sources_1\new\params_loader.vhd:]
WARNING: [filemgmt 56-199] Attempt to get parsing info during refresh. "On-the-fly" syntax checking information may be incorrect. [E:\dvs_project_u16\dvs_bypass_pack\dvs_bypass_pack.srcs\sources_1\new\address_gen.vhd:]
WARNING: [filemgmt 56-199] Attempt to get parsing info during refresh. "On-the-fly" syntax checking information may be incorrect. [E:\dvs_project_u16\dvs_bypass_pack\dvs_bypass_pack.srcs\sources_1\new\packages.vhd:]
WARNING: [filemgmt 56-199] Attempt to get parsing info during refresh. "On-the-fly" syntax checking information may be incorrect. [E:\dvs_project_u16\dvs_bypass_pack\dvs_bypass_pack.srcs\sources_1\new\window_engine.vhd:]
WARNING: [filemgmt 56-199] Attempt to get parsing info during refresh. "On-the-fly" syntax checking information may be incorrect. [E:\dvs_project_u16\dvs_bypass_pack\dvs_bypass_pack.srcs\sources_1\new\alu_code.vhd:]
WARNING: [filemgmt 56-199] Attempt to get parsing info during refresh. "On-the-fly" syntax checking information may be incorrect. [E:\dvs_project_u16\dvs_bypass_pack\dvs_bypass_pack.srcs\sources_1\new\packages.vhd:]
WARNING: [filemgmt 56-199] Attempt to get parsing info during refresh. "On-the-fly" syntax checking information may be incorrect. [E:\dvs_project_u16\dvs_bypass_pack\dvs_bypass_pack.srcs\sources_1\new\packages.vhd:]
WARNING: [filemgmt 56-199] Attempt to get parsing info during refresh. "On-the-fly" syntax checking information may be incorrect. [E:\dvs_project_u16\dvs_bypass_pack\dvs_bypass_pack.srcs\sources_1\new\coordinate_tracker.vhd:]
WARNING: [filemgmt 56-199] Attempt to get parsing info during refresh. "On-the-fly" syntax checking information may be incorrect. [E:\dvs_project_u16\dvs_bypass_pack\dvs_bypass_pack.srcs\sources_1\new\params_loader.vhd:]
WARNING: [filemgmt 56-199] Attempt to get parsing info during refresh. "On-the-fly" syntax checking information may be incorrect. [E:\dvs_project_u16\dvs_bypass_pack\dvs_bypass_pack.srcs\sources_1\new\address_gen.vhd:]
WARNING: [filemgmt 56-199] Attempt to get parsing info during refresh. "On-the-fly" syntax checking information may be incorrect. [E:\dvs_project_u16\dvs_bypass_pack\dvs_bypass_pack.srcs\sources_1\new\packages.vhd:]
WARNING: [filemgmt 56-199] Attempt to get parsing info during refresh. "On-the-fly" syntax checking information may be incorrect. [E:\dvs_project_u16\dvs_bypass_pack\dvs_bypass_pack.srcs\sources_1\new\window_engine.vhd:]
WARNING: [filemgmt 56-199] Attempt to get parsing info during refresh. "On-the-fly" syntax checking information may be incorrect. [E:\dvs_project_u16\dvs_bypass_pack\dvs_bypass_pack.srcs\sources_1\new\alu_code.vhd:]
WARNING: [filemgmt 56-199] Attempt to get parsing info during refresh. "On-the-fly" syntax checking information may be incorrect. [E:\dvs_project_u16\dvs_bypass_pack\dvs_bypass_pack.srcs\sources_1\new\params_loader.vhd:]
WARNING: [filemgmt 56-199] Attempt to get parsing info during refresh. "On-the-fly" syntax checking information may be incorrect. [E:\dvs_project_u16\dvs_bypass_pack\dvs_bypass_pack.srcs\sources_1\new\params_loader.vhd:]
WARNING: [filemgmt 56-199] Attempt to get parsing info during refresh. "On-the-fly" syntax checking information may be incorrect. [E:\dvs_project_u16\dvs_bypass_pack\dvs_bypass_pack.srcs\sources_1\new\coordinate_tracker.vhd:]
WARNING: [filemgmt 56-199] Attempt to get parsing info during refresh. "On-the-fly" syntax checking information may be incorrect. [E:\dvs_project_u16\dvs_bypass_pack\dvs_bypass_pack.srcs\sources_1\new\params_loader.vhd:]
WARNING: [filemgmt 56-199] Attempt to get parsing info during refresh. "On-the-fly" syntax checking information may be incorrect. [E:\dvs_project_u16\dvs_bypass_pack\dvs_bypass_pack.srcs\sources_1\new\address_gen.vhd:]
WARNING: [filemgmt 56-199] Attempt to get parsing info during refresh. "On-the-fly" syntax checking information may be incorrect. [E:\dvs_project_u16\dvs_bypass_pack\dvs_bypass_pack.srcs\sources_1\new\packages.vhd:]
WARNING: [filemgmt 56-199] Attempt to get parsing info during refresh. "On-the-fly" syntax checking information may be incorrect. [E:\dvs_project_u16\dvs_bypass_pack\dvs_bypass_pack.srcs\sources_1\new\window_engine.vhd:]
WARNING: [filemgmt 56-199] Attempt to get parsing info during refresh. "On-the-fly" syntax checking information may be incorrect. [E:\dvs_project_u16\dvs_bypass_pack\dvs_bypass_pack.srcs\sources_1\new\alu_code.vhd:]
WARNING: [filemgmt 56-199] Attempt to get parsing info during refresh. "On-the-fly" syntax checking information may be incorrect. [E:\dvs_project_u16\dvs_bypass_pack\dvs_bypass_pack.srcs\sources_1\new\packages.vhd:]
WARNING: [filemgmt 56-199] Attempt to get parsing info during refresh. "On-the-fly" syntax checking information may be incorrect. [E:\dvs_project_u16\dvs_bypass_pack\dvs_bypass_pack.srcs\sources_1\new\packages.vhd:]
ERROR: [Common 17-180] Spawn failed: The operation completed successfully.

WARNING: [filemgmt 56-199] Attempt to get parsing info during refresh. "On-the-fly" syntax checking information may be incorrect. [E:\dvs_project_u16\dvs_bypass_pack\dvs_bypass_pack.srcs\sources_1\new\coordinate_tracker.vhd:]
WARNING: [filemgmt 56-199] Attempt to get parsing info during refresh. "On-the-fly" syntax checking information may be incorrect. [E:\dvs_project_u16\dvs_bypass_pack\dvs_bypass_pack.srcs\sources_1\new\params_loader.vhd:]
WARNING: [filemgmt 56-199] Attempt to get parsing info during refresh. "On-the-fly" syntax checking information may be incorrect. [E:\dvs_project_u16\dvs_bypass_pack\dvs_bypass_pack.srcs\sources_1\new\address_gen.vhd:]
WARNING: [filemgmt 56-199] Attempt to get parsing info during refresh. "On-the-fly" syntax checking information may be incorrect. [E:\dvs_project_u16\dvs_bypass_pack\dvs_bypass_pack.srcs\sources_1\new\packages.vhd:]
WARNING: [filemgmt 56-199] Attempt to get parsing info during refresh. "On-the-fly" syntax checking information may be incorrect. [E:\dvs_project_u16\dvs_bypass_pack\dvs_bypass_pack.srcs\sources_1\new\window_engine.vhd:]
WARNING: [filemgmt 56-199] Attempt to get parsing info during refresh. "On-the-fly" syntax checking information may be incorrect. [E:\dvs_project_u16\dvs_bypass_pack\dvs_bypass_pack.srcs\sources_1\new\alu_code.vhd:]
WARNING: [filemgmt 56-199] Attempt to get parsing info during refresh. "On-the-fly" syntax checking information may be incorrect. [E:\dvs_project_u16\dvs_bypass_pack\dvs_bypass_pack.srcs\sources_1\new\window_engine.vhd:]
WARNING: [filemgmt 56-199] Attempt to get parsing info during refresh. "On-the-fly" syntax checking information may be incorrect. [E:\dvs_project_u16\dvs_bypass_pack\dvs_bypass_pack.srcs\sources_1\new\window_engine.vhd:]
WARNING: [filemgmt 56-199] Attempt to get parsing info during refresh. "On-the-fly" syntax checking information may be incorrect. [E:\dvs_project_u16\dvs_bypass_pack\dvs_bypass_pack.srcs\sources_1\new\coordinate_tracker.vhd:]
WARNING: [filemgmt 56-199] Attempt to get parsing info during refresh. "On-the-fly" syntax checking information may be incorrect. [E:\dvs_project_u16\dvs_bypass_pack\dvs_bypass_pack.srcs\sources_1\new\params_loader.vhd:]
WARNING: [filemgmt 56-199] Attempt to get parsing info during refresh. "On-the-fly" syntax checking information may be incorrect. [E:\dvs_project_u16\dvs_bypass_pack\dvs_bypass_pack.srcs\sources_1\new\address_gen.vhd:]
WARNING: [filemgmt 56-199] Attempt to get parsing info during refresh. "On-the-fly" syntax checking information may be incorrect. [E:\dvs_project_u16\dvs_bypass_pack\dvs_bypass_pack.srcs\sources_1\new\packages.vhd:]
WARNING: [filemgmt 56-199] Attempt to get parsing info during refresh. "On-the-fly" syntax checking information may be incorrect. [E:\dvs_project_u16\dvs_bypass_pack\dvs_bypass_pack.srcs\sources_1\new\window_engine.vhd:]
WARNING: [filemgmt 56-199] Attempt to get parsing info during refresh. "On-the-fly" syntax checking information may be incorrect. [E:\dvs_project_u16\dvs_bypass_pack\dvs_bypass_pack.srcs\sources_1\new\alu_code.vhd:]
WARNING: [filemgmt 56-199] Attempt to get parsing info during refresh. "On-the-fly" syntax checking information may be incorrect. [E:\dvs_project_u16\dvs_bypass_pack\dvs_bypass_pack.srcs\sources_1\new\packages.vhd:]
WARNING: [filemgmt 56-199] Attempt to get parsing info during refresh. "On-the-fly" syntax checking information may be incorrect. [E:\dvs_project_u16\dvs_bypass_pack\dvs_bypass_pack.srcs\sources_1\new\packages.vhd:]
WARNING: [filemgmt 56-199] Attempt to get parsing info during refresh. "On-the-fly" syntax checking information may be incorrect. [E:\dvs_project_u16\dvs_bypass_pack\dvs_bypass_pack.srcs\sources_1\new\coordinate_tracker.vhd:]
WARNING: [filemgmt 56-199] Attempt to get parsing info during refresh. "On-the-fly" syntax checking information may be incorrect. [E:\dvs_project_u16\dvs_bypass_pack\dvs_bypass_pack.srcs\sources_1\new\params_loader.vhd:]
WARNING: [filemgmt 56-199] Attempt to get parsing info during refresh. "On-the-fly" syntax checking information may be incorrect. [E:\dvs_project_u16\dvs_bypass_pack\dvs_bypass_pack.srcs\sources_1\new\address_gen.vhd:]
WARNING: [filemgmt 56-199] Attempt to get parsing info during refresh. "On-the-fly" syntax checking information may be incorrect. [E:\dvs_project_u16\dvs_bypass_pack\dvs_bypass_pack.srcs\sources_1\new\packages.vhd:]
WARNING: [filemgmt 56-199] Attempt to get parsing info during refresh. "On-the-fly" syntax checking information may be incorrect. [E:\dvs_project_u16\dvs_bypass_pack\dvs_bypass_pack.srcs\sources_1\new\window_engine.vhd:]
WARNING: [filemgmt 56-199] Attempt to get parsing info during refresh. "On-the-fly" syntax checking information may be incorrect. [E:\dvs_project_u16\dvs_bypass_pack\dvs_bypass_pack.srcs\sources_1\new\alu_code.vhd:]
WARNING: [filemgmt 56-199] Attempt to get parsing info during refresh. "On-the-fly" syntax checking information may be incorrect. [E:\dvs_project_u16\dvs_bypass_pack\dvs_bypass_pack.srcs\sources_1\new\coordinate_tracker.vhd:]
WARNING: [filemgmt 56-199] Attempt to get parsing info during refresh. "On-the-fly" syntax checking information may be incorrect. [E:\dvs_project_u16\dvs_bypass_pack\dvs_bypass_pack.srcs\sources_1\new\coordinate_tracker.vhd:]
WARNING: [filemgmt 56-199] Attempt to get parsing info during refresh. "On-the-fly" syntax checking information may be incorrect. [E:\dvs_project_u16\dvs_bypass_pack\dvs_bypass_pack.srcs\sources_1\new\coordinate_tracker.vhd:]
WARNING: [filemgmt 56-199] Attempt to get parsing info during refresh. "On-the-fly" syntax checking information may be incorrect. [E:\dvs_project_u16\dvs_bypass_pack\dvs_bypass_pack.srcs\sources_1\new\params_loader.vhd:]
WARNING: [filemgmt 56-199] Attempt to get parsing info during refresh. "On-the-fly" syntax checking information may be incorrect. [E:\dvs_project_u16\dvs_bypass_pack\dvs_bypass_pack.srcs\sources_1\new\address_gen.vhd:]
WARNING: [filemgmt 56-199] Attempt to get parsing info during refresh. "On-the-fly" syntax checking information may be incorrect. [E:\dvs_project_u16\dvs_bypass_pack\dvs_bypass_pack.srcs\sources_1\new\packages.vhd:]
WARNING: [filemgmt 56-199] Attempt to get parsing info during refresh. "On-the-fly" syntax checking information may be incorrect. [E:\dvs_project_u16\dvs_bypass_pack\dvs_bypass_pack.srcs\sources_1\new\window_engine.vhd:]
WARNING: [filemgmt 56-199] Attempt to get parsing info during refresh. "On-the-fly" syntax checking information may be incorrect. [E:\dvs_project_u16\dvs_bypass_pack\dvs_bypass_pack.srcs\sources_1\new\alu_code.vhd:]
WARNING: [filemgmt 56-199] Attempt to get parsing info during refresh. "On-the-fly" syntax checking information may be incorrect. [E:\dvs_project_u16\dvs_bypass_pack\dvs_bypass_pack.srcs\sources_1\new\params_loader.vhd:]
WARNING: [filemgmt 56-199] Attempt to get parsing info during refresh. "On-the-fly" syntax checking information may be incorrect. [E:\dvs_project_u16\dvs_bypass_pack\dvs_bypass_pack.srcs\sources_1\new\params_loader.vhd:]
WARNING: [filemgmt 56-199] Attempt to get parsing info during refresh. "On-the-fly" syntax checking information may be incorrect. [E:\dvs_project_u16\dvs_bypass_pack\dvs_bypass_pack.srcs\sources_1\new\coordinate_tracker.vhd:]
WARNING: [filemgmt 56-199] Attempt to get parsing info during refresh. "On-the-fly" syntax checking information may be incorrect. [E:\dvs_project_u16\dvs_bypass_pack\dvs_bypass_pack.srcs\sources_1\new\params_loader.vhd:]
WARNING: [filemgmt 56-199] Attempt to get parsing info during refresh. "On-the-fly" syntax checking information may be incorrect. [E:\dvs_project_u16\dvs_bypass_pack\dvs_bypass_pack.srcs\sources_1\new\address_gen.vhd:]
WARNING: [filemgmt 56-199] Attempt to get parsing info during refresh. "On-the-fly" syntax checking information may be incorrect. [E:\dvs_project_u16\dvs_bypass_pack\dvs_bypass_pack.srcs\sources_1\new\packages.vhd:]
WARNING: [filemgmt 56-199] Attempt to get parsing info during refresh. "On-the-fly" syntax checking information may be incorrect. [E:\dvs_project_u16\dvs_bypass_pack\dvs_bypass_pack.srcs\sources_1\new\window_engine.vhd:]
WARNING: [filemgmt 56-199] Attempt to get parsing info during refresh. "On-the-fly" syntax checking information may be incorrect. [E:\dvs_project_u16\dvs_bypass_pack\dvs_bypass_pack.srcs\sources_1\new\alu_code.vhd:]
WARNING: [filemgmt 56-199] Attempt to get parsing info during refresh. "On-the-fly" syntax checking information may be incorrect. [E:\dvs_project_u16\dvs_bypass_pack\dvs_bypass_pack.srcs\sources_1\new\address_gen.vhd:]
WARNING: [filemgmt 56-199] Attempt to get parsing info during refresh. "On-the-fly" syntax checking information may be incorrect. [E:\dvs_project_u16\dvs_bypass_pack\dvs_bypass_pack.srcs\sources_1\new\address_gen.vhd:]
ERROR: [Common 17-180] Spawn failed: The operation completed successfully.

WARNING: [filemgmt 56-199] Attempt to get parsing info during refresh. "On-the-fly" syntax checking information may be incorrect. [E:\dvs_project_u16\dvs_bypass_pack\dvs_bypass_pack.srcs\sources_1\new\coordinate_tracker.vhd:]
WARNING: [filemgmt 56-199] Attempt to get parsing info during refresh. "On-the-fly" syntax checking information may be incorrect. [E:\dvs_project_u16\dvs_bypass_pack\dvs_bypass_pack.srcs\sources_1\new\params_loader.vhd:]
WARNING: [filemgmt 56-199] Attempt to get parsing info during refresh. "On-the-fly" syntax checking information may be incorrect. [E:\dvs_project_u16\dvs_bypass_pack\dvs_bypass_pack.srcs\sources_1\new\address_gen.vhd:]
WARNING: [filemgmt 56-199] Attempt to get parsing info during refresh. "On-the-fly" syntax checking information may be incorrect. [E:\dvs_project_u16\dvs_bypass_pack\dvs_bypass_pack.srcs\sources_1\new\packages.vhd:]
WARNING: [filemgmt 56-199] Attempt to get parsing info during refresh. "On-the-fly" syntax checking information may be incorrect. [E:\dvs_project_u16\dvs_bypass_pack\dvs_bypass_pack.srcs\sources_1\new\window_engine.vhd:]
WARNING: [filemgmt 56-199] Attempt to get parsing info during refresh. "On-the-fly" syntax checking information may be incorrect. [E:\dvs_project_u16\dvs_bypass_pack\dvs_bypass_pack.srcs\sources_1\new\alu_code.vhd:]
WARNING: [filemgmt 56-199] Attempt to get parsing info during refresh. "On-the-fly" syntax checking information may be incorrect. [E:\dvs_project_u16\dvs_bypass_pack\dvs_bypass_pack.srcs\sources_1\new\alu_code.vhd:]
WARNING: [filemgmt 56-199] Attempt to get parsing info during refresh. "On-the-fly" syntax checking information may be incorrect. [E:\dvs_project_u16\dvs_bypass_pack\dvs_bypass_pack.srcs\sources_1\new\alu_code.vhd:]
WARNING: [filemgmt 56-199] Attempt to get parsing info during refresh. "On-the-fly" syntax checking information may be incorrect. [E:\dvs_project_u16\dvs_bypass_pack\dvs_bypass_pack.srcs\sources_1\new\coordinate_tracker.vhd:]
WARNING: [filemgmt 56-199] Attempt to get parsing info during refresh. "On-the-fly" syntax checking information may be incorrect. [E:\dvs_project_u16\dvs_bypass_pack\dvs_bypass_pack.srcs\sources_1\new\params_loader.vhd:]
WARNING: [filemgmt 56-199] Attempt to get parsing info during refresh. "On-the-fly" syntax checking information may be incorrect. [E:\dvs_project_u16\dvs_bypass_pack\dvs_bypass_pack.srcs\sources_1\new\address_gen.vhd:]
WARNING: [filemgmt 56-199] Attempt to get parsing info during refresh. "On-the-fly" syntax checking information may be incorrect. [E:\dvs_project_u16\dvs_bypass_pack\dvs_bypass_pack.srcs\sources_1\new\packages.vhd:]
WARNING: [filemgmt 56-199] Attempt to get parsing info during refresh. "On-the-fly" syntax checking information may be incorrect. [E:\dvs_project_u16\dvs_bypass_pack\dvs_bypass_pack.srcs\sources_1\new\window_engine.vhd:]
WARNING: [filemgmt 56-199] Attempt to get parsing info during refresh. "On-the-fly" syntax checking information may be incorrect. [E:\dvs_project_u16\dvs_bypass_pack\dvs_bypass_pack.srcs\sources_1\new\alu_code.vhd:]
WARNING: [filemgmt 56-199] Attempt to get parsing info during refresh. "On-the-fly" syntax checking information may be incorrect. [E:\dvs_project_u16\dvs_bypass_pack\dvs_bypass_pack.srcs\sources_1\new\address_gen.vhd:]
WARNING: [filemgmt 56-199] Attempt to get parsing info during refresh. "On-the-fly" syntax checking information may be incorrect. [E:\dvs_project_u16\dvs_bypass_pack\dvs_bypass_pack.srcs\sources_1\new\address_gen.vhd:]
WARNING: [filemgmt 56-199] Attempt to get parsing info during refresh. "On-the-fly" syntax checking information may be incorrect. [E:\dvs_project_u16\dvs_bypass_pack\dvs_bypass_pack.srcs\sources_1\new\coordinate_tracker.vhd:]
WARNING: [filemgmt 56-199] Attempt to get parsing info during refresh. "On-the-fly" syntax checking information may be incorrect. [E:\dvs_project_u16\dvs_bypass_pack\dvs_bypass_pack.srcs\sources_1\new\params_loader.vhd:]
WARNING: [filemgmt 56-199] Attempt to get parsing info during refresh. "On-the-fly" syntax checking information may be incorrect. [E:\dvs_project_u16\dvs_bypass_pack\dvs_bypass_pack.srcs\sources_1\new\address_gen.vhd:]
WARNING: [filemgmt 56-199] Attempt to get parsing info during refresh. "On-the-fly" syntax checking information may be incorrect. [E:\dvs_project_u16\dvs_bypass_pack\dvs_bypass_pack.srcs\sources_1\new\packages.vhd:]
WARNING: [filemgmt 56-199] Attempt to get parsing info during refresh. "On-the-fly" syntax checking information may be incorrect. [E:\dvs_project_u16\dvs_bypass_pack\dvs_bypass_pack.srcs\sources_1\new\window_engine.vhd:]
WARNING: [filemgmt 56-199] Attempt to get parsing info during refresh. "On-the-fly" syntax checking information may be incorrect. [E:\dvs_project_u16\dvs_bypass_pack\dvs_bypass_pack.srcs\sources_1\new\alu_code.vhd:]
WARNING: [filemgmt 56-199] Attempt to get parsing info during refresh. "On-the-fly" syntax checking information may be incorrect. [E:\dvs_project_u16\dvs_bypass_pack\dvs_bypass_pack.srcs\sources_1\new\window_engine.vhd:]
WARNING: [filemgmt 56-199] Attempt to get parsing info during refresh. "On-the-fly" syntax checking information may be incorrect. [E:\dvs_project_u16\dvs_bypass_pack\dvs_bypass_pack.srcs\sources_1\new\window_engine.vhd:]
ERROR: [Common 17-180] Spawn failed: The operation completed successfully.

WARNING: [filemgmt 56-199] Attempt to get parsing info during refresh. "On-the-fly" syntax checking information may be incorrect. [E:\dvs_project_u16\dvs_bypass_pack\dvs_bypass_pack.srcs\sources_1\new\coordinate_tracker.vhd:]
WARNING: [filemgmt 56-199] Attempt to get parsing info during refresh. "On-the-fly" syntax checking information may be incorrect. [E:\dvs_project_u16\dvs_bypass_pack\dvs_bypass_pack.srcs\sources_1\new\params_loader.vhd:]
WARNING: [filemgmt 56-199] Attempt to get parsing info during refresh. "On-the-fly" syntax checking information may be incorrect. [E:\dvs_project_u16\dvs_bypass_pack\dvs_bypass_pack.srcs\sources_1\new\address_gen.vhd:]
WARNING: [filemgmt 56-199] Attempt to get parsing info during refresh. "On-the-fly" syntax checking information may be incorrect. [E:\dvs_project_u16\dvs_bypass_pack\dvs_bypass_pack.srcs\sources_1\new\packages.vhd:]
WARNING: [filemgmt 56-199] Attempt to get parsing info during refresh. "On-the-fly" syntax checking information may be incorrect. [E:\dvs_project_u16\dvs_bypass_pack\dvs_bypass_pack.srcs\sources_1\new\window_engine.vhd:]
WARNING: [filemgmt 56-199] Attempt to get parsing info during refresh. "On-the-fly" syntax checking information may be incorrect. [E:\dvs_project_u16\dvs_bypass_pack\dvs_bypass_pack.srcs\sources_1\new\alu_code.vhd:]
WARNING: [filemgmt 56-199] Attempt to get parsing info during refresh. "On-the-fly" syntax checking information may be incorrect. [E:\dvs_project_u16\dvs_bypass_pack\dvs_bypass_pack.srcs\sources_1\new\coordinate_tracker.vhd:]
WARNING: [filemgmt 56-199] Attempt to get parsing info during refresh. "On-the-fly" syntax checking information may be incorrect. [E:\dvs_project_u16\dvs_bypass_pack\dvs_bypass_pack.srcs\sources_1\new\coordinate_tracker.vhd:]
WARNING: [filemgmt 56-199] Attempt to get parsing info during refresh. "On-the-fly" syntax checking information may be incorrect. [E:\dvs_project_u16\dvs_bypass_pack\dvs_bypass_pack.srcs\sources_1\new\coordinate_tracker.vhd:]
WARNING: [filemgmt 56-199] Attempt to get parsing info during refresh. "On-the-fly" syntax checking information may be incorrect. [E:\dvs_project_u16\dvs_bypass_pack\dvs_bypass_pack.srcs\sources_1\new\params_loader.vhd:]
WARNING: [filemgmt 56-199] Attempt to get parsing info during refresh. "On-the-fly" syntax checking information may be incorrect. [E:\dvs_project_u16\dvs_bypass_pack\dvs_bypass_pack.srcs\sources_1\new\address_gen.vhd:]
WARNING: [filemgmt 56-199] Attempt to get parsing info during refresh. "On-the-fly" syntax checking information may be incorrect. [E:\dvs_project_u16\dvs_bypass_pack\dvs_bypass_pack.srcs\sources_1\new\packages.vhd:]
WARNING: [filemgmt 56-199] Attempt to get parsing info during refresh. "On-the-fly" syntax checking information may be incorrect. [E:\dvs_project_u16\dvs_bypass_pack\dvs_bypass_pack.srcs\sources_1\new\window_engine.vhd:]
WARNING: [filemgmt 56-199] Attempt to get parsing info during refresh. "On-the-fly" syntax checking information may be incorrect. [E:\dvs_project_u16\dvs_bypass_pack\dvs_bypass_pack.srcs\sources_1\new\alu_code.vhd:]
WARNING: [filemgmt 56-199] Attempt to get parsing info during refresh. "On-the-fly" syntax checking information may be incorrect. [E:\dvs_project_u16\dvs_bypass_pack\dvs_bypass_pack.srcs\sources_1\new\params_loader.vhd:]
WARNING: [filemgmt 56-199] Attempt to get parsing info during refresh. "On-the-fly" syntax checking information may be incorrect. [E:\dvs_project_u16\dvs_bypass_pack\dvs_bypass_pack.srcs\sources_1\new\params_loader.vhd:]
WARNING: [filemgmt 56-199] Attempt to get parsing info during refresh. "On-the-fly" syntax checking information may be incorrect. [E:\dvs_project_u16\dvs_bypass_pack\dvs_bypass_pack.srcs\sources_1\new\output_controller.vhd:]
WARNING: [filemgmt 56-199] Attempt to get parsing info during refresh. "On-the-fly" syntax checking information may be incorrect. [E:\dvs_project_u16\dvs_bypass_pack\dvs_bypass_pack.srcs\sources_1\new\coordinate_tracker.vhd:]
WARNING: [filemgmt 56-199] Attempt to get parsing info during refresh. "On-the-fly" syntax checking information may be incorrect. [E:\dvs_project_u16\dvs_bypass_pack\dvs_bypass_pack.srcs\sources_1\new\dual_port_bram.vhd:]
WARNING: [filemgmt 56-199] Attempt to get parsing info during refresh. "On-the-fly" syntax checking information may be incorrect. [E:\dvs_project_u16\dvs_bypass_pack\dvs_bypass_pack.srcs\sources_1\new\params_loader.vhd:]
WARNING: [filemgmt 56-199] Attempt to get parsing info during refresh. "On-the-fly" syntax checking information may be incorrect. [E:\dvs_project_u16\dvs_bypass_pack\dvs_bypass_pack.srcs\sources_1\new\address_gen.vhd:]
WARNING: [filemgmt 56-199] Attempt to get parsing info during refresh. "On-the-fly" syntax checking information may be incorrect. [E:\dvs_project_u16\dvs_bypass_pack\dvs_bypass_pack.srcs\sources_1\new\packages.vhd:]
WARNING: [filemgmt 56-199] Attempt to get parsing info during refresh. "On-the-fly" syntax checking information may be incorrect. [E:\dvs_project_u16\dvs_bypass_pack\dvs_bypass_pack.srcs\sources_1\new\window_engine.vhd:]
WARNING: [filemgmt 56-199] Attempt to get parsing info during refresh. "On-the-fly" syntax checking information may be incorrect. [E:\dvs_project_u16\dvs_bypass_pack\dvs_bypass_pack.srcs\sources_1\new\convolution_core.vhd:]
WARNING: [filemgmt 56-199] Attempt to get parsing info during refresh. "On-the-fly" syntax checking information may be incorrect. [E:\dvs_project_u16\dvs_bypass_pack\dvs_bypass_pack.srcs\sources_1\new\alu_code.vhd:]
WARNING: [filemgmt 56-199] Attempt to get parsing info during refresh. "On-the-fly" syntax checking information may be incorrect. [E:\dvs_project_u16\dvs_bypass_pack\dvs_bypass_pack.srcs\sources_1\new\params_loader.vhd:]
WARNING: [filemgmt 56-199] Attempt to get parsing info during refresh. "On-the-fly" syntax checking information may be incorrect. [E:\dvs_project_u16\dvs_bypass_pack\dvs_bypass_pack.srcs\sources_1\new\params_loader.vhd:]
WARNING: [filemgmt 56-199] Attempt to get parsing info during refresh. "On-the-fly" syntax checking information may be incorrect. [E:\dvs_project_u16\dvs_bypass_pack\dvs_bypass_pack.srcs\sources_1\new\output_controller.vhd:]
WARNING: [filemgmt 56-199] Attempt to get parsing info during refresh. "On-the-fly" syntax checking information may be incorrect. [E:\dvs_project_u16\dvs_bypass_pack\dvs_bypass_pack.srcs\sources_1\new\coordinate_tracker.vhd:]
WARNING: [filemgmt 56-199] Attempt to get parsing info during refresh. "On-the-fly" syntax checking information may be incorrect. [E:\dvs_project_u16\dvs_bypass_pack\dvs_bypass_pack.srcs\sources_1\new\dual_port_bram.vhd:]
WARNING: [filemgmt 56-199] Attempt to get parsing info during refresh. "On-the-fly" syntax checking information may be incorrect. [E:\dvs_project_u16\dvs_bypass_pack\dvs_bypass_pack.srcs\sources_1\new\params_loader.vhd:]
WARNING: [filemgmt 56-199] Attempt to get parsing info during refresh. "On-the-fly" syntax checking information may be incorrect. [E:\dvs_project_u16\dvs_bypass_pack\dvs_bypass_pack.srcs\sources_1\new\address_gen.vhd:]
WARNING: [filemgmt 56-199] Attempt to get parsing info during refresh. "On-the-fly" syntax checking information may be incorrect. [E:\dvs_project_u16\dvs_bypass_pack\dvs_bypass_pack.srcs\sources_1\new\packages.vhd:]
WARNING: [filemgmt 56-199] Attempt to get parsing info during refresh. "On-the-fly" syntax checking information may be incorrect. [E:\dvs_project_u16\dvs_bypass_pack\dvs_bypass_pack.srcs\sources_1\new\window_engine.vhd:]
WARNING: [filemgmt 56-199] Attempt to get parsing info during refresh. "On-the-fly" syntax checking information may be incorrect. [E:\dvs_project_u16\dvs_bypass_pack\dvs_bypass_pack.srcs\sources_1\new\convolution_core.vhd:]
WARNING: [filemgmt 56-199] Attempt to get parsing info during refresh. "On-the-fly" syntax checking information may be incorrect. [E:\dvs_project_u16\dvs_bypass_pack\dvs_bypass_pack.srcs\sources_1\new\alu_code.vhd:]
WARNING: [filemgmt 56-199] Attempt to get parsing info during refresh. "On-the-fly" syntax checking information may be incorrect. [E:\dvs_project_u16\dvs_bypass_pack\dvs_bypass_pack.srcs\sources_1\new\output_controller.vhd:]
WARNING: [filemgmt 56-199] Attempt to get parsing info during refresh. "On-the-fly" syntax checking information may be incorrect. [E:\dvs_project_u16\dvs_bypass_pack\dvs_bypass_pack.srcs\sources_1\new\output_controller.vhd:]
WARNING: [filemgmt 56-199] Attempt to get parsing info during refresh. "On-the-fly" syntax checking information may be incorrect. [E:\dvs_project_u16\dvs_bypass_pack\dvs_bypass_pack.srcs\sources_1\new\output_controller.vhd:]
WARNING: [filemgmt 56-199] Attempt to get parsing info during refresh. "On-the-fly" syntax checking information may be incorrect. [E:\dvs_project_u16\dvs_bypass_pack\dvs_bypass_pack.srcs\sources_1\new\coordinate_tracker.vhd:]
WARNING: [filemgmt 56-199] Attempt to get parsing info during refresh. "On-the-fly" syntax checking information may be incorrect. [E:\dvs_project_u16\dvs_bypass_pack\dvs_bypass_pack.srcs\sources_1\new\dual_port_bram.vhd:]
WARNING: [filemgmt 56-199] Attempt to get parsing info during refresh. "On-the-fly" syntax checking information may be incorrect. [E:\dvs_project_u16\dvs_bypass_pack\dvs_bypass_pack.srcs\sources_1\new\params_loader.vhd:]
WARNING: [filemgmt 56-199] Attempt to get parsing info during refresh. "On-the-fly" syntax checking information may be incorrect. [E:\dvs_project_u16\dvs_bypass_pack\dvs_bypass_pack.srcs\sources_1\new\address_gen.vhd:]
WARNING: [filemgmt 56-199] Attempt to get parsing info during refresh. "On-the-fly" syntax checking information may be incorrect. [E:\dvs_project_u16\dvs_bypass_pack\dvs_bypass_pack.srcs\sources_1\new\packages.vhd:]
WARNING: [filemgmt 56-199] Attempt to get parsing info during refresh. "On-the-fly" syntax checking information may be incorrect. [E:\dvs_project_u16\dvs_bypass_pack\dvs_bypass_pack.srcs\sources_1\new\window_engine.vhd:]
WARNING: [filemgmt 56-199] Attempt to get parsing info during refresh. "On-the-fly" syntax checking information may be incorrect. [E:\dvs_project_u16\dvs_bypass_pack\dvs_bypass_pack.srcs\sources_1\new\convolution_core.vhd:]
WARNING: [filemgmt 56-199] Attempt to get parsing info during refresh. "On-the-fly" syntax checking information may be incorrect. [E:\dvs_project_u16\dvs_bypass_pack\dvs_bypass_pack.srcs\sources_1\new\alu_code.vhd:]
WARNING: [filemgmt 56-199] Attempt to get parsing info during refresh. "On-the-fly" syntax checking information may be incorrect. [E:\dvs_project_u16\dvs_bypass_pack\dvs_bypass_pack.srcs\sources_1\new\convolution_core.vhd:]
WARNING: [filemgmt 56-199] Attempt to get parsing info during refresh. "On-the-fly" syntax checking information may be incorrect. [E:\dvs_project_u16\dvs_bypass_pack\dvs_bypass_pack.srcs\sources_1\new\convolution_core.vhd:]
ERROR: [Common 17-180] Spawn failed: The operation completed successfully.

WARNING: [filemgmt 56-199] Attempt to get parsing info during refresh. "On-the-fly" syntax checking information may be incorrect. [E:\dvs_project_u16\dvs_bypass_pack\dvs_bypass_pack.srcs\sources_1\new\output_controller.vhd:]
WARNING: [filemgmt 56-199] Attempt to get parsing info during refresh. "On-the-fly" syntax checking information may be incorrect. [E:\dvs_project_u16\dvs_bypass_pack\dvs_bypass_pack.srcs\sources_1\new\coordinate_tracker.vhd:]
WARNING: [filemgmt 56-199] Attempt to get parsing info during refresh. "On-the-fly" syntax checking information may be incorrect. [E:\dvs_project_u16\dvs_bypass_pack\dvs_bypass_pack.srcs\sources_1\new\dual_port_bram.vhd:]
WARNING: [filemgmt 56-199] Attempt to get parsing info during refresh. "On-the-fly" syntax checking information may be incorrect. [E:\dvs_project_u16\dvs_bypass_pack\dvs_bypass_pack.srcs\sources_1\new\params_loader.vhd:]
WARNING: [filemgmt 56-199] Attempt to get parsing info during refresh. "On-the-fly" syntax checking information may be incorrect. [E:\dvs_project_u16\dvs_bypass_pack\dvs_bypass_pack.srcs\sources_1\new\address_gen.vhd:]
WARNING: [filemgmt 56-199] Attempt to get parsing info during refresh. "On-the-fly" syntax checking information may be incorrect. [E:\dvs_project_u16\dvs_bypass_pack\dvs_bypass_pack.srcs\sources_1\new\packages.vhd:]
WARNING: [filemgmt 56-199] Attempt to get parsing info during refresh. "On-the-fly" syntax checking information may be incorrect. [E:\dvs_project_u16\dvs_bypass_pack\dvs_bypass_pack.srcs\sources_1\new\window_engine.vhd:]
WARNING: [filemgmt 56-199] Attempt to get parsing info during refresh. "On-the-fly" syntax checking information may be incorrect. [E:\dvs_project_u16\dvs_bypass_pack\dvs_bypass_pack.srcs\sources_1\new\convolution_core.vhd:]
WARNING: [filemgmt 56-199] Attempt to get parsing info during refresh. "On-the-fly" syntax checking information may be incorrect. [E:\dvs_project_u16\dvs_bypass_pack\dvs_bypass_pack.srcs\sources_1\new\alu_code.vhd:]
WARNING: [filemgmt 56-199] Attempt to get parsing info during refresh. "On-the-fly" syntax checking information may be incorrect. [E:\dvs_project_u16\dvs_bypass_pack\dvs_bypass_pack.srcs\sources_1\new\packages.vhd:]
WARNING: [filemgmt 56-199] Attempt to get parsing info during refresh. "On-the-fly" syntax checking information may be incorrect. [E:\dvs_project_u16\dvs_bypass_pack\dvs_bypass_pack.srcs\sources_1\new\packages.vhd:]
ERROR: [Common 17-180] Spawn failed: The operation completed successfully.

WARNING: [filemgmt 56-199] Attempt to get parsing info during refresh. "On-the-fly" syntax checking information may be incorrect. [E:\dvs_project_u16\dvs_bypass_pack\dvs_bypass_pack.srcs\sources_1\new\output_controller.vhd:]
WARNING: [filemgmt 56-199] Attempt to get parsing info during refresh. "On-the-fly" syntax checking information may be incorrect. [E:\dvs_project_u16\dvs_bypass_pack\dvs_bypass_pack.srcs\sources_1\new\coordinate_tracker.vhd:]
WARNING: [filemgmt 56-199] Attempt to get parsing info during refresh. "On-the-fly" syntax checking information may be incorrect. [E:\dvs_project_u16\dvs_bypass_pack\dvs_bypass_pack.srcs\sources_1\new\dual_port_bram.vhd:]
WARNING: [filemgmt 56-199] Attempt to get parsing info during refresh. "On-the-fly" syntax checking information may be incorrect. [E:\dvs_project_u16\dvs_bypass_pack\dvs_bypass_pack.srcs\sources_1\new\params_loader.vhd:]
WARNING: [filemgmt 56-199] Attempt to get parsing info during refresh. "On-the-fly" syntax checking information may be incorrect. [E:\dvs_project_u16\dvs_bypass_pack\dvs_bypass_pack.srcs\sources_1\new\address_gen.vhd:]
WARNING: [filemgmt 56-199] Attempt to get parsing info during refresh. "On-the-fly" syntax checking information may be incorrect. [E:\dvs_project_u16\dvs_bypass_pack\dvs_bypass_pack.srcs\sources_1\new\packages.vhd:]
WARNING: [filemgmt 56-199] Attempt to get parsing info during refresh. "On-the-fly" syntax checking information may be incorrect. [E:\dvs_project_u16\dvs_bypass_pack\dvs_bypass_pack.srcs\sources_1\new\window_engine.vhd:]
WARNING: [filemgmt 56-199] Attempt to get parsing info during refresh. "On-the-fly" syntax checking information may be incorrect. [E:\dvs_project_u16\dvs_bypass_pack\dvs_bypass_pack.srcs\sources_1\new\convolution_core.vhd:]
WARNING: [filemgmt 56-199] Attempt to get parsing info during refresh. "On-the-fly" syntax checking information may be incorrect. [E:\dvs_project_u16\dvs_bypass_pack\dvs_bypass_pack.srcs\sources_1\new\alu_code.vhd:]
WARNING: [filemgmt 56-199] Attempt to get parsing info during refresh. "On-the-fly" syntax checking information may be incorrect. [E:\dvs_project_u16\dvs_bypass_pack\dvs_bypass_pack.srcs\sources_1\new\alu_code.vhd:]
WARNING: [filemgmt 56-199] Attempt to get parsing info during refresh. "On-the-fly" syntax checking information may be incorrect. [E:\dvs_project_u16\dvs_bypass_pack\dvs_bypass_pack.srcs\sources_1\new\alu_code.vhd:]
WARNING: [filemgmt 56-199] Attempt to get parsing info during refresh. "On-the-fly" syntax checking information may be incorrect. [E:\dvs_project_u16\dvs_bypass_pack\dvs_bypass_pack.srcs\sources_1\new\output_controller.vhd:]
WARNING: [filemgmt 56-199] Attempt to get parsing info during refresh. "On-the-fly" syntax checking information may be incorrect. [E:\dvs_project_u16\dvs_bypass_pack\dvs_bypass_pack.srcs\sources_1\new\coordinate_tracker.vhd:]
WARNING: [filemgmt 56-199] Attempt to get parsing info during refresh. "On-the-fly" syntax checking information may be incorrect. [E:\dvs_project_u16\dvs_bypass_pack\dvs_bypass_pack.srcs\sources_1\new\dual_port_bram.vhd:]
WARNING: [filemgmt 56-199] Attempt to get parsing info during refresh. "On-the-fly" syntax checking information may be incorrect. [E:\dvs_project_u16\dvs_bypass_pack\dvs_bypass_pack.srcs\sources_1\new\params_loader.vhd:]
WARNING: [filemgmt 56-199] Attempt to get parsing info during refresh. "On-the-fly" syntax checking information may be incorrect. [E:\dvs_project_u16\dvs_bypass_pack\dvs_bypass_pack.srcs\sources_1\new\address_gen.vhd:]
WARNING: [filemgmt 56-199] Attempt to get parsing info during refresh. "On-the-fly" syntax checking information may be incorrect. [E:\dvs_project_u16\dvs_bypass_pack\dvs_bypass_pack.srcs\sources_1\new\packages.vhd:]
WARNING: [filemgmt 56-199] Attempt to get parsing info during refresh. "On-the-fly" syntax checking information may be incorrect. [E:\dvs_project_u16\dvs_bypass_pack\dvs_bypass_pack.srcs\sources_1\new\window_engine.vhd:]
WARNING: [filemgmt 56-199] Attempt to get parsing info during refresh. "On-the-fly" syntax checking information may be incorrect. [E:\dvs_project_u16\dvs_bypass_pack\dvs_bypass_pack.srcs\sources_1\new\convolution_core.vhd:]
WARNING: [filemgmt 56-199] Attempt to get parsing info during refresh. "On-the-fly" syntax checking information may be incorrect. [E:\dvs_project_u16\dvs_bypass_pack\dvs_bypass_pack.srcs\sources_1\new\alu_code.vhd:]
WARNING: [filemgmt 56-199] Attempt to get parsing info during refresh. "On-the-fly" syntax checking information may be incorrect. [E:\dvs_project_u16\dvs_bypass_pack\dvs_bypass_pack.srcs\sources_1\new\address_gen.vhd:]
WARNING: [filemgmt 56-199] Attempt to get parsing info during refresh. "On-the-fly" syntax checking information may be incorrect. [E:\dvs_project_u16\dvs_bypass_pack\dvs_bypass_pack.srcs\sources_1\new\address_gen.vhd:]
WARNING: [filemgmt 56-199] Attempt to get parsing info during refresh. "On-the-fly" syntax checking information may be incorrect. [E:\dvs_project_u16\dvs_bypass_pack\dvs_bypass_pack.srcs\sources_1\new\output_controller.vhd:]
WARNING: [filemgmt 56-199] Attempt to get parsing info during refresh. "On-the-fly" syntax checking information may be incorrect. [E:\dvs_project_u16\dvs_bypass_pack\dvs_bypass_pack.srcs\sources_1\new\coordinate_tracker.vhd:]
WARNING: [filemgmt 56-199] Attempt to get parsing info during refresh. "On-the-fly" syntax checking information may be incorrect. [E:\dvs_project_u16\dvs_bypass_pack\dvs_bypass_pack.srcs\sources_1\new\dual_port_bram.vhd:]
WARNING: [filemgmt 56-199] Attempt to get parsing info during refresh. "On-the-fly" syntax checking information may be incorrect. [E:\dvs_project_u16\dvs_bypass_pack\dvs_bypass_pack.srcs\sources_1\new\params_loader.vhd:]
WARNING: [filemgmt 56-199] Attempt to get parsing info during refresh. "On-the-fly" syntax checking information may be incorrect. [E:\dvs_project_u16\dvs_bypass_pack\dvs_bypass_pack.srcs\sources_1\new\address_gen.vhd:]
WARNING: [filemgmt 56-199] Attempt to get parsing info during refresh. "On-the-fly" syntax checking information may be incorrect. [E:\dvs_project_u16\dvs_bypass_pack\dvs_bypass_pack.srcs\sources_1\new\packages.vhd:]
WARNING: [filemgmt 56-199] Attempt to get parsing info during refresh. "On-the-fly" syntax checking information may be incorrect. [E:\dvs_project_u16\dvs_bypass_pack\dvs_bypass_pack.srcs\sources_1\new\window_engine.vhd:]
WARNING: [filemgmt 56-199] Attempt to get parsing info during refresh. "On-the-fly" syntax checking information may be incorrect. [E:\dvs_project_u16\dvs_bypass_pack\dvs_bypass_pack.srcs\sources_1\new\convolution_core.vhd:]
WARNING: [filemgmt 56-199] Attempt to get parsing info during refresh. "On-the-fly" syntax checking information may be incorrect. [E:\dvs_project_u16\dvs_bypass_pack\dvs_bypass_pack.srcs\sources_1\new\alu_code.vhd:]
WARNING: [filemgmt 56-199] Attempt to get parsing info during refresh. "On-the-fly" syntax checking information may be incorrect. [E:\dvs_project_u16\dvs_bypass_pack\dvs_bypass_pack.srcs\sources_1\new\params_loader.vhd:]
WARNING: [filemgmt 56-199] Attempt to get parsing info during refresh. "On-the-fly" syntax checking information may be incorrect. [E:\dvs_project_u16\dvs_bypass_pack\dvs_bypass_pack.srcs\sources_1\new\params_loader.vhd:]
ERROR: [Common 17-180] Spawn failed: The operation completed successfully.

WARNING: [filemgmt 56-199] Attempt to get parsing info during refresh. "On-the-fly" syntax checking information may be incorrect. [E:\dvs_project_u16\dvs_bypass_pack\dvs_bypass_pack.srcs\sources_1\new\output_controller.vhd:]
WARNING: [filemgmt 56-199] Attempt to get parsing info during refresh. "On-the-fly" syntax checking information may be incorrect. [E:\dvs_project_u16\dvs_bypass_pack\dvs_bypass_pack.srcs\sources_1\new\coordinate_tracker.vhd:]
WARNING: [filemgmt 56-199] Attempt to get parsing info during refresh. "On-the-fly" syntax checking information may be incorrect. [E:\dvs_project_u16\dvs_bypass_pack\dvs_bypass_pack.srcs\sources_1\new\dual_port_bram.vhd:]
WARNING: [filemgmt 56-199] Attempt to get parsing info during refresh. "On-the-fly" syntax checking information may be incorrect. [E:\dvs_project_u16\dvs_bypass_pack\dvs_bypass_pack.srcs\sources_1\new\params_loader.vhd:]
WARNING: [filemgmt 56-199] Attempt to get parsing info during refresh. "On-the-fly" syntax checking information may be incorrect. [E:\dvs_project_u16\dvs_bypass_pack\dvs_bypass_pack.srcs\sources_1\new\address_gen.vhd:]
WARNING: [filemgmt 56-199] Attempt to get parsing info during refresh. "On-the-fly" syntax checking information may be incorrect. [E:\dvs_project_u16\dvs_bypass_pack\dvs_bypass_pack.srcs\sources_1\new\packages.vhd:]
WARNING: [filemgmt 56-199] Attempt to get parsing info during refresh. "On-the-fly" syntax checking information may be incorrect. [E:\dvs_project_u16\dvs_bypass_pack\dvs_bypass_pack.srcs\sources_1\new\window_engine.vhd:]
WARNING: [filemgmt 56-199] Attempt to get parsing info during refresh. "On-the-fly" syntax checking information may be incorrect. [E:\dvs_project_u16\dvs_bypass_pack\dvs_bypass_pack.srcs\sources_1\new\convolution_core.vhd:]
WARNING: [filemgmt 56-199] Attempt to get parsing info during refresh. "On-the-fly" syntax checking information may be incorrect. [E:\dvs_project_u16\dvs_bypass_pack\dvs_bypass_pack.srcs\sources_1\new\alu_code.vhd:]
WARNING: [filemgmt 56-199] Attempt to get parsing info during refresh. "On-the-fly" syntax checking information may be incorrect. [E:\dvs_project_u16\dvs_bypass_pack\dvs_bypass_pack.srcs\sources_1\new\window_engine.vhd:]
WARNING: [filemgmt 56-199] Attempt to get parsing info during refresh. "On-the-fly" syntax checking information may be incorrect. [E:\dvs_project_u16\dvs_bypass_pack\dvs_bypass_pack.srcs\sources_1\new\window_engine.vhd:]
ERROR: [Common 17-180] Spawn failed: The operation completed successfully.

WARNING: [filemgmt 56-199] Attempt to get parsing info during refresh. "On-the-fly" syntax checking information may be incorrect. [E:\dvs_project_u16\dvs_bypass_pack\dvs_bypass_pack.srcs\sources_1\new\output_controller.vhd:]
WARNING: [filemgmt 56-199] Attempt to get parsing info during refresh. "On-the-fly" syntax checking information may be incorrect. [E:\dvs_project_u16\dvs_bypass_pack\dvs_bypass_pack.srcs\sources_1\new\coordinate_tracker.vhd:]
WARNING: [filemgmt 56-199] Attempt to get parsing info during refresh. "On-the-fly" syntax checking information may be incorrect. [E:\dvs_project_u16\dvs_bypass_pack\dvs_bypass_pack.srcs\sources_1\new\dual_port_bram.vhd:]
WARNING: [filemgmt 56-199] Attempt to get parsing info during refresh. "On-the-fly" syntax checking information may be incorrect. [E:\dvs_project_u16\dvs_bypass_pack\dvs_bypass_pack.srcs\sources_1\new\params_loader.vhd:]
WARNING: [filemgmt 56-199] Attempt to get parsing info during refresh. "On-the-fly" syntax checking information may be incorrect. [E:\dvs_project_u16\dvs_bypass_pack\dvs_bypass_pack.srcs\sources_1\new\address_gen.vhd:]
WARNING: [filemgmt 56-199] Attempt to get parsing info during refresh. "On-the-fly" syntax checking information may be incorrect. [E:\dvs_project_u16\dvs_bypass_pack\dvs_bypass_pack.srcs\sources_1\new\packages.vhd:]
WARNING: [filemgmt 56-199] Attempt to get parsing info during refresh. "On-the-fly" syntax checking information may be incorrect. [E:\dvs_project_u16\dvs_bypass_pack\dvs_bypass_pack.srcs\sources_1\new\window_engine.vhd:]
WARNING: [filemgmt 56-199] Attempt to get parsing info during refresh. "On-the-fly" syntax checking information may be incorrect. [E:\dvs_project_u16\dvs_bypass_pack\dvs_bypass_pack.srcs\sources_1\new\convolution_core.vhd:]
WARNING: [filemgmt 56-199] Attempt to get parsing info during refresh. "On-the-fly" syntax checking information may be incorrect. [E:\dvs_project_u16\dvs_bypass_pack\dvs_bypass_pack.srcs\sources_1\new\alu_code.vhd:]
WARNING: [filemgmt 56-199] Attempt to get parsing info during refresh. "On-the-fly" syntax checking information may be incorrect. [E:\dvs_project_u16\dvs_bypass_pack\dvs_bypass_pack.srcs\sources_1\new\coordinate_tracker.vhd:]
WARNING: [filemgmt 56-199] Attempt to get parsing info during refresh. "On-the-fly" syntax checking information may be incorrect. [E:\dvs_project_u16\dvs_bypass_pack\dvs_bypass_pack.srcs\sources_1\new\coordinate_tracker.vhd:]
ERROR: [Common 17-180] Spawn failed: The operation completed successfully.

WARNING: [filemgmt 56-199] Attempt to get parsing info during refresh. "On-the-fly" syntax checking information may be incorrect. [E:\dvs_project_u16\dvs_bypass_pack\dvs_bypass_pack.srcs\sources_1\new\output_controller.vhd:]
WARNING: [filemgmt 56-199] Attempt to get parsing info during refresh. "On-the-fly" syntax checking information may be incorrect. [E:\dvs_project_u16\dvs_bypass_pack\dvs_bypass_pack.srcs\sources_1\new\coordinate_tracker.vhd:]
WARNING: [filemgmt 56-199] Attempt to get parsing info during refresh. "On-the-fly" syntax checking information may be incorrect. [E:\dvs_project_u16\dvs_bypass_pack\dvs_bypass_pack.srcs\sources_1\new\dual_port_bram.vhd:]
WARNING: [filemgmt 56-199] Attempt to get parsing info during refresh. "On-the-fly" syntax checking information may be incorrect. [E:\dvs_project_u16\dvs_bypass_pack\dvs_bypass_pack.srcs\sources_1\new\params_loader.vhd:]
WARNING: [filemgmt 56-199] Attempt to get parsing info during refresh. "On-the-fly" syntax checking information may be incorrect. [E:\dvs_project_u16\dvs_bypass_pack\dvs_bypass_pack.srcs\sources_1\new\address_gen.vhd:]
WARNING: [filemgmt 56-199] Attempt to get parsing info during refresh. "On-the-fly" syntax checking information may be incorrect. [E:\dvs_project_u16\dvs_bypass_pack\dvs_bypass_pack.srcs\sources_1\new\packages.vhd:]
WARNING: [filemgmt 56-199] Attempt to get parsing info during refresh. "On-the-fly" syntax checking information may be incorrect. [E:\dvs_project_u16\dvs_bypass_pack\dvs_bypass_pack.srcs\sources_1\new\window_engine.vhd:]
WARNING: [filemgmt 56-199] Attempt to get parsing info during refresh. "On-the-fly" syntax checking information may be incorrect. [E:\dvs_project_u16\dvs_bypass_pack\dvs_bypass_pack.srcs\sources_1\new\convolution_core.vhd:]
WARNING: [filemgmt 56-199] Attempt to get parsing info during refresh. "On-the-fly" syntax checking information may be incorrect. [E:\dvs_project_u16\dvs_bypass_pack\dvs_bypass_pack.srcs\sources_1\new\alu_code.vhd:]
WARNING: [filemgmt 56-199] Attempt to get parsing info during refresh. "On-the-fly" syntax checking information may be incorrect. [E:\dvs_project_u16\dvs_bypass_pack\dvs_bypass_pack.srcs\sources_1\new\packages.vhd:]
WARNING: [filemgmt 56-199] Attempt to get parsing info during refresh. "On-the-fly" syntax checking information may be incorrect. [E:\dvs_project_u16\dvs_bypass_pack\dvs_bypass_pack.srcs\sources_1\new\packages.vhd:]
ERROR: [Common 17-180] Spawn failed: The operation completed successfully.

WARNING: [filemgmt 56-199] Attempt to get parsing info during refresh. "On-the-fly" syntax checking information may be incorrect. [E:\dvs_project_u16\dvs_bypass_pack\dvs_bypass_pack.srcs\sources_1\new\output_controller.vhd:]
WARNING: [filemgmt 56-199] Attempt to get parsing info during refresh. "On-the-fly" syntax checking information may be incorrect. [E:\dvs_project_u16\dvs_bypass_pack\dvs_bypass_pack.srcs\sources_1\new\coordinate_tracker.vhd:]
WARNING: [filemgmt 56-199] Attempt to get parsing info during refresh. "On-the-fly" syntax checking information may be incorrect. [E:\dvs_project_u16\dvs_bypass_pack\dvs_bypass_pack.srcs\sources_1\new\dual_port_bram.vhd:]
WARNING: [filemgmt 56-199] Attempt to get parsing info during refresh. "On-the-fly" syntax checking information may be incorrect. [E:\dvs_project_u16\dvs_bypass_pack\dvs_bypass_pack.srcs\sources_1\new\params_loader.vhd:]
WARNING: [filemgmt 56-199] Attempt to get parsing info during refresh. "On-the-fly" syntax checking information may be incorrect. [E:\dvs_project_u16\dvs_bypass_pack\dvs_bypass_pack.srcs\sources_1\new\address_gen.vhd:]
WARNING: [filemgmt 56-199] Attempt to get parsing info during refresh. "On-the-fly" syntax checking information may be incorrect. [E:\dvs_project_u16\dvs_bypass_pack\dvs_bypass_pack.srcs\sources_1\new\packages.vhd:]
WARNING: [filemgmt 56-199] Attempt to get parsing info during refresh. "On-the-fly" syntax checking information may be incorrect. [E:\dvs_project_u16\dvs_bypass_pack\dvs_bypass_pack.srcs\sources_1\new\window_engine.vhd:]
WARNING: [filemgmt 56-199] Attempt to get parsing info during refresh. "On-the-fly" syntax checking information may be incorrect. [E:\dvs_project_u16\dvs_bypass_pack\dvs_bypass_pack.srcs\sources_1\new\convolution_core.vhd:]
WARNING: [filemgmt 56-199] Attempt to get parsing info during refresh. "On-the-fly" syntax checking information may be incorrect. [E:\dvs_project_u16\dvs_bypass_pack\dvs_bypass_pack.srcs\sources_1\new\alu_code.vhd:]
WARNING: [filemgmt 56-199] Attempt to get parsing info during refresh. "On-the-fly" syntax checking information may be incorrect. [E:\dvs_project_u16\dvs_bypass_pack\dvs_bypass_pack.srcs\sources_1\new\dual_port_bram.vhd:]
WARNING: [filemgmt 56-199] Attempt to get parsing info during refresh. "On-the-fly" syntax checking information may be incorrect. [E:\dvs_project_u16\dvs_bypass_pack\dvs_bypass_pack.srcs\sources_1\new\dual_port_bram.vhd:]
ERROR: [Common 17-180] Spawn failed: The operation completed successfully.

WARNING: [filemgmt 56-199] Attempt to get parsing info during refresh. "On-the-fly" syntax checking information may be incorrect. [E:\dvs_project_u16\dvs_bypass_pack\dvs_bypass_pack.srcs\sources_1\new\output_controller.vhd:]
WARNING: [filemgmt 56-199] Attempt to get parsing info during refresh. "On-the-fly" syntax checking information may be incorrect. [E:\dvs_project_u16\dvs_bypass_pack\dvs_bypass_pack.srcs\sources_1\new\coordinate_tracker.vhd:]
WARNING: [filemgmt 56-199] Attempt to get parsing info during refresh. "On-the-fly" syntax checking information may be incorrect. [E:\dvs_project_u16\dvs_bypass_pack\dvs_bypass_pack.srcs\sources_1\new\dual_port_bram.vhd:]
WARNING: [filemgmt 56-199] Attempt to get parsing info during refresh. "On-the-fly" syntax checking information may be incorrect. [E:\dvs_project_u16\dvs_bypass_pack\dvs_bypass_pack.srcs\sources_1\new\params_loader.vhd:]
WARNING: [filemgmt 56-199] Attempt to get parsing info during refresh. "On-the-fly" syntax checking information may be incorrect. [E:\dvs_project_u16\dvs_bypass_pack\dvs_bypass_pack.srcs\sources_1\new\address_gen.vhd:]
WARNING: [filemgmt 56-199] Attempt to get parsing info during refresh. "On-the-fly" syntax checking information may be incorrect. [E:\dvs_project_u16\dvs_bypass_pack\dvs_bypass_pack.srcs\sources_1\new\packages.vhd:]
WARNING: [filemgmt 56-199] Attempt to get parsing info during refresh. "On-the-fly" syntax checking information may be incorrect. [E:\dvs_project_u16\dvs_bypass_pack\dvs_bypass_pack.srcs\sources_1\new\window_engine.vhd:]
WARNING: [filemgmt 56-199] Attempt to get parsing info during refresh. "On-the-fly" syntax checking information may be incorrect. [E:\dvs_project_u16\dvs_bypass_pack\dvs_bypass_pack.srcs\sources_1\new\convolution_core.vhd:]
WARNING: [filemgmt 56-199] Attempt to get parsing info during refresh. "On-the-fly" syntax checking information may be incorrect. [E:\dvs_project_u16\dvs_bypass_pack\dvs_bypass_pack.srcs\sources_1\new\alu_code.vhd:]
WARNING: [filemgmt 56-199] Attempt to get parsing info during refresh. "On-the-fly" syntax checking information may be incorrect. [E:\dvs_project_u16\dvs_bypass_pack\dvs_bypass_pack.srcs\sources_1\new\convolution_core.vhd:]
WARNING: [filemgmt 56-199] Attempt to get parsing info during refresh. "On-the-fly" syntax checking information may be incorrect. [E:\dvs_project_u16\dvs_bypass_pack\dvs_bypass_pack.srcs\sources_1\new\convolution_core.vhd:]
ERROR: [Common 17-180] Spawn failed: The operation completed successfully.

WARNING: [filemgmt 56-199] Attempt to get parsing info during refresh. "On-the-fly" syntax checking information may be incorrect. [E:\dvs_project_u16\dvs_bypass_pack\dvs_bypass_pack.srcs\sources_1\new\pixel_packer.vhd:]
WARNING: [filemgmt 56-199] Attempt to get parsing info during refresh. "On-the-fly" syntax checking information may be incorrect. [E:\dvs_project_u16\dvs_bypass_pack\dvs_bypass_pack.srcs\sources_1\new\output_controller.vhd:]
WARNING: [filemgmt 56-199] Attempt to get parsing info during refresh. "On-the-fly" syntax checking information may be incorrect. [E:\dvs_project_u16\dvs_bypass_pack\dvs_bypass_pack.srcs\sources_1\new\coordinate_tracker.vhd:]
WARNING: [filemgmt 56-199] Attempt to get parsing info during refresh. "On-the-fly" syntax checking information may be incorrect. [E:\dvs_project_u16\dvs_bypass_pack\dvs_bypass_pack.srcs\sources_1\new\dual_port_bram.vhd:]
WARNING: [filemgmt 56-199] Attempt to get parsing info during refresh. "On-the-fly" syntax checking information may be incorrect. [E:\dvs_project_u16\dvs_bypass_pack\dvs_bypass_pack.srcs\sources_1\new\params_loader.vhd:]
WARNING: [filemgmt 56-199] Attempt to get parsing info during refresh. "On-the-fly" syntax checking information may be incorrect. [E:\dvs_project_u16\dvs_bypass_pack\dvs_bypass_pack.srcs\sources_1\new\valid_delay_line.vhd:]
WARNING: [filemgmt 56-199] Attempt to get parsing info during refresh. "On-the-fly" syntax checking information may be incorrect. [E:\dvs_project_u16\dvs_bypass_pack\dvs_bypass_pack.srcs\sources_1\new\address_gen.vhd:]
WARNING: [filemgmt 56-199] Attempt to get parsing info during refresh. "On-the-fly" syntax checking information may be incorrect. [E:\dvs_project_u16\dvs_bypass_pack\dvs_bypass_pack.srcs\sources_1\new\packages.vhd:]
WARNING: [filemgmt 56-199] Attempt to get parsing info during refresh. "On-the-fly" syntax checking information may be incorrect. [E:\dvs_project_u16\dvs_bypass_pack\dvs_bypass_pack.srcs\sources_1\new\window_engine.vhd:]
WARNING: [filemgmt 56-199] Attempt to get parsing info during refresh. "On-the-fly" syntax checking information may be incorrect. [E:\dvs_project_u16\dvs_bypass_pack\dvs_bypass_pack.srcs\sources_1\new\convolution_core.vhd:]
WARNING: [filemgmt 56-199] Attempt to get parsing info during refresh. "On-the-fly" syntax checking information may be incorrect. [E:\dvs_project_u16\dvs_bypass_pack\dvs_bypass_pack.srcs\sources_1\new\axi_control_gen.vhd:]
WARNING: [filemgmt 56-199] Attempt to get parsing info during refresh. "On-the-fly" syntax checking information may be incorrect. [E:\dvs_project_u16\dvs_bypass_pack\dvs_bypass_pack.srcs\sources_1\new\alu_code.vhd:]
WARNING: [filemgmt 56-199] Attempt to get parsing info during refresh. "On-the-fly" syntax checking information may be incorrect. [E:\dvs_project_u16\dvs_bypass_pack\dvs_bypass_pack.srcs\sources_1\new\alu_code.vhd:]
WARNING: [filemgmt 56-199] Attempt to get parsing info during refresh. "On-the-fly" syntax checking information may be incorrect. [E:\dvs_project_u16\dvs_bypass_pack\dvs_bypass_pack.srcs\sources_1\new\alu_code.vhd:]
WARNING: [filemgmt 56-199] Attempt to get parsing info during refresh. "On-the-fly" syntax checking information may be incorrect. [E:\dvs_project_u16\dvs_bypass_pack\dvs_bypass_pack.srcs\sources_1\new\pixel_packer.vhd:]
WARNING: [filemgmt 56-199] Attempt to get parsing info during refresh. "On-the-fly" syntax checking information may be incorrect. [E:\dvs_project_u16\dvs_bypass_pack\dvs_bypass_pack.srcs\sources_1\new\output_controller.vhd:]
WARNING: [filemgmt 56-199] Attempt to get parsing info during refresh. "On-the-fly" syntax checking information may be incorrect. [E:\dvs_project_u16\dvs_bypass_pack\dvs_bypass_pack.srcs\sources_1\new\coordinate_tracker.vhd:]
WARNING: [filemgmt 56-199] Attempt to get parsing info during refresh. "On-the-fly" syntax checking information may be incorrect. [E:\dvs_project_u16\dvs_bypass_pack\dvs_bypass_pack.srcs\sources_1\new\dual_port_bram.vhd:]
WARNING: [filemgmt 56-199] Attempt to get parsing info during refresh. "On-the-fly" syntax checking information may be incorrect. [E:\dvs_project_u16\dvs_bypass_pack\dvs_bypass_pack.srcs\sources_1\new\params_loader.vhd:]
WARNING: [filemgmt 56-199] Attempt to get parsing info during refresh. "On-the-fly" syntax checking information may be incorrect. [E:\dvs_project_u16\dvs_bypass_pack\dvs_bypass_pack.srcs\sources_1\new\valid_delay_line.vhd:]
WARNING: [filemgmt 56-199] Attempt to get parsing info during refresh. "On-the-fly" syntax checking information may be incorrect. [E:\dvs_project_u16\dvs_bypass_pack\dvs_bypass_pack.srcs\sources_1\new\address_gen.vhd:]
WARNING: [filemgmt 56-199] Attempt to get parsing info during refresh. "On-the-fly" syntax checking information may be incorrect. [E:\dvs_project_u16\dvs_bypass_pack\dvs_bypass_pack.srcs\sources_1\new\packages.vhd:]
WARNING: [filemgmt 56-199] Attempt to get parsing info during refresh. "On-the-fly" syntax checking information may be incorrect. [E:\dvs_project_u16\dvs_bypass_pack\dvs_bypass_pack.srcs\sources_1\new\window_engine.vhd:]
WARNING: [filemgmt 56-199] Attempt to get parsing info during refresh. "On-the-fly" syntax checking information may be incorrect. [E:\dvs_project_u16\dvs_bypass_pack\dvs_bypass_pack.srcs\sources_1\new\convolution_core.vhd:]
WARNING: [filemgmt 56-199] Attempt to get parsing info during refresh. "On-the-fly" syntax checking information may be incorrect. [E:\dvs_project_u16\dvs_bypass_pack\dvs_bypass_pack.srcs\sources_1\new\axi_control_gen.vhd:]
WARNING: [filemgmt 56-199] Attempt to get parsing info during refresh. "On-the-fly" syntax checking information may be incorrect. [E:\dvs_project_u16\dvs_bypass_pack\dvs_bypass_pack.srcs\sources_1\new\alu_code.vhd:]
WARNING: [filemgmt 56-199] Attempt to get parsing info during refresh. "On-the-fly" syntax checking information may be incorrect. [E:\dvs_project_u16\dvs_bypass_pack\dvs_bypass_pack.srcs\sources_1\new\window_engine.vhd:]
WARNING: [filemgmt 56-199] Attempt to get parsing info during refresh. "On-the-fly" syntax checking information may be incorrect. [E:\dvs_project_u16\dvs_bypass_pack\dvs_bypass_pack.srcs\sources_1\new\window_engine.vhd:]
WARNING: [filemgmt 56-199] Attempt to get parsing info during refresh. "On-the-fly" syntax checking information may be incorrect. [E:\dvs_project_u16\dvs_bypass_pack\dvs_bypass_pack.srcs\sources_1\new\pixel_packer.vhd:]
WARNING: [filemgmt 56-199] Attempt to get parsing info during refresh. "On-the-fly" syntax checking information may be incorrect. [E:\dvs_project_u16\dvs_bypass_pack\dvs_bypass_pack.srcs\sources_1\new\output_controller.vhd:]
WARNING: [filemgmt 56-199] Attempt to get parsing info during refresh. "On-the-fly" syntax checking information may be incorrect. [E:\dvs_project_u16\dvs_bypass_pack\dvs_bypass_pack.srcs\sources_1\new\coordinate_tracker.vhd:]
WARNING: [filemgmt 56-199] Attempt to get parsing info during refresh. "On-the-fly" syntax checking information may be incorrect. [E:\dvs_project_u16\dvs_bypass_pack\dvs_bypass_pack.srcs\sources_1\new\dual_port_bram.vhd:]
WARNING: [filemgmt 56-199] Attempt to get parsing info during refresh. "On-the-fly" syntax checking information may be incorrect. [E:\dvs_project_u16\dvs_bypass_pack\dvs_bypass_pack.srcs\sources_1\new\params_loader.vhd:]
WARNING: [filemgmt 56-199] Attempt to get parsing info during refresh. "On-the-fly" syntax checking information may be incorrect. [E:\dvs_project_u16\dvs_bypass_pack\dvs_bypass_pack.srcs\sources_1\new\valid_delay_line.vhd:]
WARNING: [filemgmt 56-199] Attempt to get parsing info during refresh. "On-the-fly" syntax checking information may be incorrect. [E:\dvs_project_u16\dvs_bypass_pack\dvs_bypass_pack.srcs\sources_1\new\address_gen.vhd:]
WARNING: [filemgmt 56-199] Attempt to get parsing info during refresh. "On-the-fly" syntax checking information may be incorrect. [E:\dvs_project_u16\dvs_bypass_pack\dvs_bypass_pack.srcs\sources_1\new\packages.vhd:]
WARNING: [filemgmt 56-199] Attempt to get parsing info during refresh. "On-the-fly" syntax checking information may be incorrect. [E:\dvs_project_u16\dvs_bypass_pack\dvs_bypass_pack.srcs\sources_1\new\window_engine.vhd:]
WARNING: [filemgmt 56-199] Attempt to get parsing info during refresh. "On-the-fly" syntax checking information may be incorrect. [E:\dvs_project_u16\dvs_bypass_pack\dvs_bypass_pack.srcs\sources_1\new\convolution_core.vhd:]
WARNING: [filemgmt 56-199] Attempt to get parsing info during refresh. "On-the-fly" syntax checking information may be incorrect. [E:\dvs_project_u16\dvs_bypass_pack\dvs_bypass_pack.srcs\sources_1\new\axi_control_gen.vhd:]
WARNING: [filemgmt 56-199] Attempt to get parsing info during refresh. "On-the-fly" syntax checking information may be incorrect. [E:\dvs_project_u16\dvs_bypass_pack\dvs_bypass_pack.srcs\sources_1\new\alu_code.vhd:]
WARNING: [filemgmt 56-199] Attempt to get parsing info during refresh. "On-the-fly" syntax checking information may be incorrect. [E:\dvs_project_u16\dvs_bypass_pack\dvs_bypass_pack.srcs\sources_1\new\params_loader.vhd:]
WARNING: [filemgmt 56-199] Attempt to get parsing info during refresh. "On-the-fly" syntax checking information may be incorrect. [E:\dvs_project_u16\dvs_bypass_pack\dvs_bypass_pack.srcs\sources_1\new\params_loader.vhd:]
WARNING: [filemgmt 56-199] Attempt to get parsing info during refresh. "On-the-fly" syntax checking information may be incorrect. [E:\dvs_project_u16\dvs_bypass_pack\dvs_bypass_pack.srcs\sources_1\new\pixel_packer.vhd:]
WARNING: [filemgmt 56-199] Attempt to get parsing info during refresh. "On-the-fly" syntax checking information may be incorrect. [E:\dvs_project_u16\dvs_bypass_pack\dvs_bypass_pack.srcs\sources_1\new\output_controller.vhd:]
WARNING: [filemgmt 56-199] Attempt to get parsing info during refresh. "On-the-fly" syntax checking information may be incorrect. [E:\dvs_project_u16\dvs_bypass_pack\dvs_bypass_pack.srcs\sources_1\new\coordinate_tracker.vhd:]
WARNING: [filemgmt 56-199] Attempt to get parsing info during refresh. "On-the-fly" syntax checking information may be incorrect. [E:\dvs_project_u16\dvs_bypass_pack\dvs_bypass_pack.srcs\sources_1\new\dual_port_bram.vhd:]
WARNING: [filemgmt 56-199] Attempt to get parsing info during refresh. "On-the-fly" syntax checking information may be incorrect. [E:\dvs_project_u16\dvs_bypass_pack\dvs_bypass_pack.srcs\sources_1\new\params_loader.vhd:]
WARNING: [filemgmt 56-199] Attempt to get parsing info during refresh. "On-the-fly" syntax checking information may be incorrect. [E:\dvs_project_u16\dvs_bypass_pack\dvs_bypass_pack.srcs\sources_1\new\valid_delay_line.vhd:]
WARNING: [filemgmt 56-199] Attempt to get parsing info during refresh. "On-the-fly" syntax checking information may be incorrect. [E:\dvs_project_u16\dvs_bypass_pack\dvs_bypass_pack.srcs\sources_1\new\address_gen.vhd:]
WARNING: [filemgmt 56-199] Attempt to get parsing info during refresh. "On-the-fly" syntax checking information may be incorrect. [E:\dvs_project_u16\dvs_bypass_pack\dvs_bypass_pack.srcs\sources_1\new\packages.vhd:]
WARNING: [filemgmt 56-199] Attempt to get parsing info during refresh. "On-the-fly" syntax checking information may be incorrect. [E:\dvs_project_u16\dvs_bypass_pack\dvs_bypass_pack.srcs\sources_1\new\window_engine.vhd:]
WARNING: [filemgmt 56-199] Attempt to get parsing info during refresh. "On-the-fly" syntax checking information may be incorrect. [E:\dvs_project_u16\dvs_bypass_pack\dvs_bypass_pack.srcs\sources_1\new\convolution_core.vhd:]
WARNING: [filemgmt 56-199] Attempt to get parsing info during refresh. "On-the-fly" syntax checking information may be incorrect. [E:\dvs_project_u16\dvs_bypass_pack\dvs_bypass_pack.srcs\sources_1\new\axi_control_gen.vhd:]
WARNING: [filemgmt 56-199] Attempt to get parsing info during refresh. "On-the-fly" syntax checking information may be incorrect. [E:\dvs_project_u16\dvs_bypass_pack\dvs_bypass_pack.srcs\sources_1\new\alu_code.vhd:]
WARNING: [filemgmt 56-199] Attempt to get parsing info during refresh. "On-the-fly" syntax checking information may be incorrect. [E:\dvs_project_u16\dvs_bypass_pack\dvs_bypass_pack.srcs\sources_1\new\coordinate_tracker.vhd:]
WARNING: [filemgmt 56-199] Attempt to get parsing info during refresh. "On-the-fly" syntax checking information may be incorrect. [E:\dvs_project_u16\dvs_bypass_pack\dvs_bypass_pack.srcs\sources_1\new\coordinate_tracker.vhd:]
WARNING: [filemgmt 56-199] Attempt to get parsing info during refresh. "On-the-fly" syntax checking information may be incorrect. [E:\dvs_project_u16\dvs_bypass_pack\dvs_bypass_pack.srcs\sources_1\new\pixel_packer.vhd:]
WARNING: [filemgmt 56-199] Attempt to get parsing info during refresh. "On-the-fly" syntax checking information may be incorrect. [E:\dvs_project_u16\dvs_bypass_pack\dvs_bypass_pack.srcs\sources_1\new\output_controller.vhd:]
WARNING: [filemgmt 56-199] Attempt to get parsing info during refresh. "On-the-fly" syntax checking information may be incorrect. [E:\dvs_project_u16\dvs_bypass_pack\dvs_bypass_pack.srcs\sources_1\new\coordinate_tracker.vhd:]
WARNING: [filemgmt 56-199] Attempt to get parsing info during refresh. "On-the-fly" syntax checking information may be incorrect. [E:\dvs_project_u16\dvs_bypass_pack\dvs_bypass_pack.srcs\sources_1\new\dual_port_bram.vhd:]
WARNING: [filemgmt 56-199] Attempt to get parsing info during refresh. "On-the-fly" syntax checking information may be incorrect. [E:\dvs_project_u16\dvs_bypass_pack\dvs_bypass_pack.srcs\sources_1\new\params_loader.vhd:]
WARNING: [filemgmt 56-199] Attempt to get parsing info during refresh. "On-the-fly" syntax checking information may be incorrect. [E:\dvs_project_u16\dvs_bypass_pack\dvs_bypass_pack.srcs\sources_1\new\valid_delay_line.vhd:]
WARNING: [filemgmt 56-199] Attempt to get parsing info during refresh. "On-the-fly" syntax checking information may be incorrect. [E:\dvs_project_u16\dvs_bypass_pack\dvs_bypass_pack.srcs\sources_1\new\address_gen.vhd:]
WARNING: [filemgmt 56-199] Attempt to get parsing info during refresh. "On-the-fly" syntax checking information may be incorrect. [E:\dvs_project_u16\dvs_bypass_pack\dvs_bypass_pack.srcs\sources_1\new\packages.vhd:]
WARNING: [filemgmt 56-199] Attempt to get parsing info during refresh. "On-the-fly" syntax checking information may be incorrect. [E:\dvs_project_u16\dvs_bypass_pack\dvs_bypass_pack.srcs\sources_1\new\window_engine.vhd:]
WARNING: [filemgmt 56-199] Attempt to get parsing info during refresh. "On-the-fly" syntax checking information may be incorrect. [E:\dvs_project_u16\dvs_bypass_pack\dvs_bypass_pack.srcs\sources_1\new\convolution_core.vhd:]
WARNING: [filemgmt 56-199] Attempt to get parsing info during refresh. "On-the-fly" syntax checking information may be incorrect. [E:\dvs_project_u16\dvs_bypass_pack\dvs_bypass_pack.srcs\sources_1\new\axi_control_gen.vhd:]
WARNING: [filemgmt 56-199] Attempt to get parsing info during refresh. "On-the-fly" syntax checking information may be incorrect. [E:\dvs_project_u16\dvs_bypass_pack\dvs_bypass_pack.srcs\sources_1\new\alu_code.vhd:]
WARNING: [filemgmt 56-199] Attempt to get parsing info during refresh. "On-the-fly" syntax checking information may be incorrect. [E:\dvs_project_u16\dvs_bypass_pack\dvs_bypass_pack.srcs\sources_1\new\dual_port_bram.vhd:]
WARNING: [filemgmt 56-199] Attempt to get parsing info during refresh. "On-the-fly" syntax checking information may be incorrect. [E:\dvs_project_u16\dvs_bypass_pack\dvs_bypass_pack.srcs\sources_1\new\dual_port_bram.vhd:]
WARNING: [filemgmt 56-199] Attempt to get parsing info during refresh. "On-the-fly" syntax checking information may be incorrect. [E:\dvs_project_u16\dvs_bypass_pack\dvs_bypass_pack.srcs\sources_1\new\pixel_packer.vhd:]
WARNING: [filemgmt 56-199] Attempt to get parsing info during refresh. "On-the-fly" syntax checking information may be incorrect. [E:\dvs_project_u16\dvs_bypass_pack\dvs_bypass_pack.srcs\sources_1\new\output_controller.vhd:]
WARNING: [filemgmt 56-199] Attempt to get parsing info during refresh. "On-the-fly" syntax checking information may be incorrect. [E:\dvs_project_u16\dvs_bypass_pack\dvs_bypass_pack.srcs\sources_1\new\coordinate_tracker.vhd:]
WARNING: [filemgmt 56-199] Attempt to get parsing info during refresh. "On-the-fly" syntax checking information may be incorrect. [E:\dvs_project_u16\dvs_bypass_pack\dvs_bypass_pack.srcs\sources_1\new\dual_port_bram.vhd:]
WARNING: [filemgmt 56-199] Attempt to get parsing info during refresh. "On-the-fly" syntax checking information may be incorrect. [E:\dvs_project_u16\dvs_bypass_pack\dvs_bypass_pack.srcs\sources_1\new\params_loader.vhd:]
WARNING: [filemgmt 56-199] Attempt to get parsing info during refresh. "On-the-fly" syntax checking information may be incorrect. [E:\dvs_project_u16\dvs_bypass_pack\dvs_bypass_pack.srcs\sources_1\new\valid_delay_line.vhd:]
WARNING: [filemgmt 56-199] Attempt to get parsing info during refresh. "On-the-fly" syntax checking information may be incorrect. [E:\dvs_project_u16\dvs_bypass_pack\dvs_bypass_pack.srcs\sources_1\new\address_gen.vhd:]
WARNING: [filemgmt 56-199] Attempt to get parsing info during refresh. "On-the-fly" syntax checking information may be incorrect. [E:\dvs_project_u16\dvs_bypass_pack\dvs_bypass_pack.srcs\sources_1\new\packages.vhd:]
WARNING: [filemgmt 56-199] Attempt to get parsing info during refresh. "On-the-fly" syntax checking information may be incorrect. [E:\dvs_project_u16\dvs_bypass_pack\dvs_bypass_pack.srcs\sources_1\new\window_engine.vhd:]
WARNING: [filemgmt 56-199] Attempt to get parsing info during refresh. "On-the-fly" syntax checking information may be incorrect. [E:\dvs_project_u16\dvs_bypass_pack\dvs_bypass_pack.srcs\sources_1\new\convolution_core.vhd:]
WARNING: [filemgmt 56-199] Attempt to get parsing info during refresh. "On-the-fly" syntax checking information may be incorrect. [E:\dvs_project_u16\dvs_bypass_pack\dvs_bypass_pack.srcs\sources_1\new\axi_control_gen.vhd:]
WARNING: [filemgmt 56-199] Attempt to get parsing info during refresh. "On-the-fly" syntax checking information may be incorrect. [E:\dvs_project_u16\dvs_bypass_pack\dvs_bypass_pack.srcs\sources_1\new\alu_code.vhd:]
WARNING: [filemgmt 56-199] Attempt to get parsing info during refresh. "On-the-fly" syntax checking information may be incorrect. [E:\dvs_project_u16\dvs_bypass_pack\dvs_bypass_pack.srcs\sources_1\new\packages.vhd:]
WARNING: [filemgmt 56-199] Attempt to get parsing info during refresh. "On-the-fly" syntax checking information may be incorrect. [E:\dvs_project_u16\dvs_bypass_pack\dvs_bypass_pack.srcs\sources_1\new\packages.vhd:]
WARNING: [filemgmt 56-199] Attempt to get parsing info during refresh. "On-the-fly" syntax checking information may be incorrect. [E:\dvs_project_u16\dvs_bypass_pack\dvs_bypass_pack.srcs\sources_1\new\pixel_packer.vhd:]
WARNING: [filemgmt 56-199] Attempt to get parsing info during refresh. "On-the-fly" syntax checking information may be incorrect. [E:\dvs_project_u16\dvs_bypass_pack\dvs_bypass_pack.srcs\sources_1\new\output_controller.vhd:]
WARNING: [filemgmt 56-199] Attempt to get parsing info during refresh. "On-the-fly" syntax checking information may be incorrect. [E:\dvs_project_u16\dvs_bypass_pack\dvs_bypass_pack.srcs\sources_1\new\coordinate_tracker.vhd:]
WARNING: [filemgmt 56-199] Attempt to get parsing info during refresh. "On-the-fly" syntax checking information may be incorrect. [E:\dvs_project_u16\dvs_bypass_pack\dvs_bypass_pack.srcs\sources_1\new\dual_port_bram.vhd:]
WARNING: [filemgmt 56-199] Attempt to get parsing info during refresh. "On-the-fly" syntax checking information may be incorrect. [E:\dvs_project_u16\dvs_bypass_pack\dvs_bypass_pack.srcs\sources_1\new\params_loader.vhd:]
WARNING: [filemgmt 56-199] Attempt to get parsing info during refresh. "On-the-fly" syntax checking information may be incorrect. [E:\dvs_project_u16\dvs_bypass_pack\dvs_bypass_pack.srcs\sources_1\new\valid_delay_line.vhd:]
WARNING: [filemgmt 56-199] Attempt to get parsing info during refresh. "On-the-fly" syntax checking information may be incorrect. [E:\dvs_project_u16\dvs_bypass_pack\dvs_bypass_pack.srcs\sources_1\new\address_gen.vhd:]
WARNING: [filemgmt 56-199] Attempt to get parsing info during refresh. "On-the-fly" syntax checking information may be incorrect. [E:\dvs_project_u16\dvs_bypass_pack\dvs_bypass_pack.srcs\sources_1\new\packages.vhd:]
WARNING: [filemgmt 56-199] Attempt to get parsing info during refresh. "On-the-fly" syntax checking information may be incorrect. [E:\dvs_project_u16\dvs_bypass_pack\dvs_bypass_pack.srcs\sources_1\new\window_engine.vhd:]
WARNING: [filemgmt 56-199] Attempt to get parsing info during refresh. "On-the-fly" syntax checking information may be incorrect. [E:\dvs_project_u16\dvs_bypass_pack\dvs_bypass_pack.srcs\sources_1\new\convolution_core.vhd:]
WARNING: [filemgmt 56-199] Attempt to get parsing info during refresh. "On-the-fly" syntax checking information may be incorrect. [E:\dvs_project_u16\dvs_bypass_pack\dvs_bypass_pack.srcs\sources_1\new\axi_control_gen.vhd:]
WARNING: [filemgmt 56-199] Attempt to get parsing info during refresh. "On-the-fly" syntax checking information may be incorrect. [E:\dvs_project_u16\dvs_bypass_pack\dvs_bypass_pack.srcs\sources_1\new\alu_code.vhd:]
WARNING: [filemgmt 56-199] Attempt to get parsing info during refresh. "On-the-fly" syntax checking information may be incorrect. [E:\dvs_project_u16\dvs_bypass_pack\dvs_bypass_pack.srcs\sources_1\new\output_controller.vhd:]
WARNING: [filemgmt 56-199] Attempt to get parsing info during refresh. "On-the-fly" syntax checking information may be incorrect. [E:\dvs_project_u16\dvs_bypass_pack\dvs_bypass_pack.srcs\sources_1\new\output_controller.vhd:]
WARNING: [filemgmt 56-199] Attempt to get parsing info during refresh. "On-the-fly" syntax checking information may be incorrect. [E:\dvs_project_u16\dvs_bypass_pack\dvs_bypass_pack.srcs\sources_1\new\pixel_packer.vhd:]
WARNING: [filemgmt 56-199] Attempt to get parsing info during refresh. "On-the-fly" syntax checking information may be incorrect. [E:\dvs_project_u16\dvs_bypass_pack\dvs_bypass_pack.srcs\sources_1\new\output_controller.vhd:]
INFO: [Common 17-14] Message 'filemgmt 56-199' appears 100 times and further instances of the messages will be disabled. Use the Tcl command set_msg_config to change the current settings.
ERROR: [Common 17-180] Spawn failed: The operation completed successfully.

WARNING: [filemgmt 56-199] Attempt to get parsing info during refresh. "On-the-fly" syntax checking information may be incorrect. [E:\dvs_project_u16\dvs_bypass_pack\dvs_bypass_pack.srcs\sources_1\new\pixel_packer.vhd:]
WARNING: [filemgmt 56-199] Attempt to get parsing info during refresh. "On-the-fly" syntax checking information may be incorrect. [E:\dvs_project_u16\dvs_bypass_pack\dvs_bypass_pack.srcs\sources_1\new\output_controller.vhd:]
WARNING: [filemgmt 56-199] Attempt to get parsing info during refresh. "On-the-fly" syntax checking information may be incorrect. [E:\dvs_project_u16\dvs_bypass_pack\dvs_bypass_pack.srcs\sources_1\new\coordinate_tracker.vhd:]
WARNING: [filemgmt 56-199] Attempt to get parsing info during refresh. "On-the-fly" syntax checking information may be incorrect. [E:\dvs_project_u16\dvs_bypass_pack\dvs_bypass_pack.srcs\sources_1\new\dual_port_bram.vhd:]
WARNING: [filemgmt 56-199] Attempt to get parsing info during refresh. "On-the-fly" syntax checking information may be incorrect. [E:\dvs_project_u16\dvs_bypass_pack\dvs_bypass_pack.srcs\sources_1\new\params_loader.vhd:]
WARNING: [filemgmt 56-199] Attempt to get parsing info during refresh. "On-the-fly" syntax checking information may be incorrect. [E:\dvs_project_u16\dvs_bypass_pack\dvs_bypass_pack.srcs\sources_1\new\valid_delay_line.vhd:]
WARNING: [filemgmt 56-199] Attempt to get parsing info during refresh. "On-the-fly" syntax checking information may be incorrect. [E:\dvs_project_u16\dvs_bypass_pack\dvs_bypass_pack.srcs\sources_1\new\address_gen.vhd:]
WARNING: [filemgmt 56-199] Attempt to get parsing info during refresh. "On-the-fly" syntax checking information may be incorrect. [E:\dvs_project_u16\dvs_bypass_pack\dvs_bypass_pack.srcs\sources_1\new\packages.vhd:]
WARNING: [filemgmt 56-199] Attempt to get parsing info during refresh. "On-the-fly" syntax checking information may be incorrect. [E:\dvs_project_u16\dvs_bypass_pack\dvs_bypass_pack.srcs\sources_1\new\window_engine.vhd:]
WARNING: [filemgmt 56-199] Attempt to get parsing info during refresh. "On-the-fly" syntax checking information may be incorrect. [E:\dvs_project_u16\dvs_bypass_pack\dvs_bypass_pack.srcs\sources_1\new\convolution_core.vhd:]
WARNING: [filemgmt 56-199] Attempt to get parsing info during refresh. "On-the-fly" syntax checking information may be incorrect. [E:\dvs_project_u16\dvs_bypass_pack\dvs_bypass_pack.srcs\sources_1\new\axi_control_gen.vhd:]
WARNING: [filemgmt 56-199] Attempt to get parsing info during refresh. "On-the-fly" syntax checking information may be incorrect. [E:\dvs_project_u16\dvs_bypass_pack\dvs_bypass_pack.srcs\sources_1\new\alu_code.vhd:]
WARNING: [filemgmt 56-199] Attempt to get parsing info during refresh. "On-the-fly" syntax checking information may be incorrect. [E:\dvs_project_u16\dvs_bypass_pack\dvs_bypass_pack.srcs\sources_1\new\pixel_packer.vhd:]
WARNING: [filemgmt 56-199] Attempt to get parsing info during refresh. "On-the-fly" syntax checking information may be incorrect. [E:\dvs_project_u16\dvs_bypass_pack\dvs_bypass_pack.srcs\sources_1\new\pixel_packer.vhd:]
ERROR: [Common 17-180] Spawn failed: The operation completed successfully.

WARNING: [filemgmt 56-199] Attempt to get parsing info during refresh. "On-the-fly" syntax checking information may be incorrect. [E:\dvs_project_u16\dvs_bypass_pack\dvs_bypass_pack.srcs\sources_1\new\pixel_packer.vhd:]
WARNING: [filemgmt 56-199] Attempt to get parsing info during refresh. "On-the-fly" syntax checking information may be incorrect. [E:\dvs_project_u16\dvs_bypass_pack\dvs_bypass_pack.srcs\sources_1\new\output_controller.vhd:]
WARNING: [filemgmt 56-199] Attempt to get parsing info during refresh. "On-the-fly" syntax checking information may be incorrect. [E:\dvs_project_u16\dvs_bypass_pack\dvs_bypass_pack.srcs\sources_1\new\coordinate_tracker.vhd:]
WARNING: [filemgmt 56-199] Attempt to get parsing info during refresh. "On-the-fly" syntax checking information may be incorrect. [E:\dvs_project_u16\dvs_bypass_pack\dvs_bypass_pack.srcs\sources_1\new\dual_port_bram.vhd:]
WARNING: [filemgmt 56-199] Attempt to get parsing info during refresh. "On-the-fly" syntax checking information may be incorrect. [E:\dvs_project_u16\dvs_bypass_pack\dvs_bypass_pack.srcs\sources_1\new\params_loader.vhd:]
WARNING: [filemgmt 56-199] Attempt to get parsing info during refresh. "On-the-fly" syntax checking information may be incorrect. [E:\dvs_project_u16\dvs_bypass_pack\dvs_bypass_pack.srcs\sources_1\new\valid_delay_line.vhd:]
WARNING: [filemgmt 56-199] Attempt to get parsing info during refresh. "On-the-fly" syntax checking information may be incorrect. [E:\dvs_project_u16\dvs_bypass_pack\dvs_bypass_pack.srcs\sources_1\new\address_gen.vhd:]
WARNING: [filemgmt 56-199] Attempt to get parsing info during refresh. "On-the-fly" syntax checking information may be incorrect. [E:\dvs_project_u16\dvs_bypass_pack\dvs_bypass_pack.srcs\sources_1\new\packages.vhd:]
WARNING: [filemgmt 56-199] Attempt to get parsing info during refresh. "On-the-fly" syntax checking information may be incorrect. [E:\dvs_project_u16\dvs_bypass_pack\dvs_bypass_pack.srcs\sources_1\new\window_engine.vhd:]
WARNING: [filemgmt 56-199] Attempt to get parsing info during refresh. "On-the-fly" syntax checking information may be incorrect. [E:\dvs_project_u16\dvs_bypass_pack\dvs_bypass_pack.srcs\sources_1\new\convolution_core.vhd:]
WARNING: [filemgmt 56-199] Attempt to get parsing info during refresh. "On-the-fly" syntax checking information may be incorrect. [E:\dvs_project_u16\dvs_bypass_pack\dvs_bypass_pack.srcs\sources_1\new\axi_control_gen.vhd:]
WARNING: [filemgmt 56-199] Attempt to get parsing info during refresh. "On-the-fly" syntax checking information may be incorrect. [E:\dvs_project_u16\dvs_bypass_pack\dvs_bypass_pack.srcs\sources_1\new\alu_code.vhd:]
WARNING: [filemgmt 56-199] Attempt to get parsing info during refresh. "On-the-fly" syntax checking information may be incorrect. [E:\dvs_project_u16\dvs_bypass_pack\dvs_bypass_pack.srcs\sources_1\new\convolution_core.vhd:]
WARNING: [filemgmt 56-199] Attempt to get parsing info during refresh. "On-the-fly" syntax checking information may be incorrect. [E:\dvs_project_u16\dvs_bypass_pack\dvs_bypass_pack.srcs\sources_1\new\convolution_core.vhd:]
ERROR: [Common 17-180] Spawn failed: The operation completed successfully.

WARNING: [filemgmt 56-199] Attempt to get parsing info during refresh. "On-the-fly" syntax checking information may be incorrect. [E:\dvs_project_u16\dvs_bypass_pack\dvs_bypass_pack.srcs\sources_1\new\pixel_packer.vhd:]
WARNING: [filemgmt 56-199] Attempt to get parsing info during refresh. "On-the-fly" syntax checking information may be incorrect. [E:\dvs_project_u16\dvs_bypass_pack\dvs_bypass_pack.srcs\sources_1\new\coordinate_tracker.vhd:]
WARNING: [filemgmt 56-199] Attempt to get parsing info during refresh. "On-the-fly" syntax checking information may be incorrect. [E:\dvs_project_u16\dvs_bypass_pack\dvs_bypass_pack.srcs\sources_1\new\address_gen.vhd:]
WARNING: [filemgmt 56-199] Attempt to get parsing info during refresh. "On-the-fly" syntax checking information may be incorrect. [E:\dvs_project_u16\dvs_bypass_pack\dvs_bypass_pack.srcs\sources_1\new\packages.vhd:]
WARNING: [filemgmt 56-199] Attempt to get parsing info during refresh. "On-the-fly" syntax checking information may be incorrect. [E:\dvs_project_u16\dvs_bypass_pack\dvs_bypass_pack.srcs\sources_1\new\window_engine.vhd:]
WARNING: [filemgmt 56-199] Attempt to get parsing info during refresh. "On-the-fly" syntax checking information may be incorrect. [E:\dvs_project_u16\dvs_bypass_pack\dvs_bypass_pack.srcs\sources_1\new\alu_code.vhd:]
WARNING: [filemgmt 56-199] Attempt to get parsing info during refresh. "On-the-fly" syntax checking information may be incorrect. [E:\dvs_project_u16\dvs_bypass_pack\dvs_bypass_pack.srcs\sources_1\new\alu_code.vhd:]
WARNING: [filemgmt 56-199] Attempt to get parsing info during refresh. "On-the-fly" syntax checking information may be incorrect. [E:\dvs_project_u16\dvs_bypass_pack\dvs_bypass_pack.srcs\sources_1\new\alu_code.vhd:]
WARNING: [filemgmt 56-199] Attempt to get parsing info during refresh. "On-the-fly" syntax checking information may be incorrect. [E:\dvs_project_u16\dvs_bypass_pack\dvs_bypass_pack.srcs\sources_1\new\pixel_packer.vhd:]
WARNING: [filemgmt 56-199] Attempt to get parsing info during refresh. "On-the-fly" syntax checking information may be incorrect. [E:\dvs_project_u16\dvs_bypass_pack\dvs_bypass_pack.srcs\sources_1\new\coordinate_tracker.vhd:]
WARNING: [filemgmt 56-199] Attempt to get parsing info during refresh. "On-the-fly" syntax checking information may be incorrect. [E:\dvs_project_u16\dvs_bypass_pack\dvs_bypass_pack.srcs\sources_1\new\address_gen.vhd:]
WARNING: [filemgmt 56-199] Attempt to get parsing info during refresh. "On-the-fly" syntax checking information may be incorrect. [E:\dvs_project_u16\dvs_bypass_pack\dvs_bypass_pack.srcs\sources_1\new\packages.vhd:]
WARNING: [filemgmt 56-199] Attempt to get parsing info during refresh. "On-the-fly" syntax checking information may be incorrect. [E:\dvs_project_u16\dvs_bypass_pack\dvs_bypass_pack.srcs\sources_1\new\window_engine.vhd:]
WARNING: [filemgmt 56-199] Attempt to get parsing info during refresh. "On-the-fly" syntax checking information may be incorrect. [E:\dvs_project_u16\dvs_bypass_pack\dvs_bypass_pack.srcs\sources_1\new\alu_code.vhd:]
WARNING: [filemgmt 56-199] Attempt to get parsing info during refresh. "On-the-fly" syntax checking information may be incorrect. [E:\dvs_project_u16\dvs_bypass_pack\dvs_bypass_pack.srcs\sources_1\new\window_engine.vhd:]
WARNING: [filemgmt 56-199] Attempt to get parsing info during refresh. "On-the-fly" syntax checking information may be incorrect. [E:\dvs_project_u16\dvs_bypass_pack\dvs_bypass_pack.srcs\sources_1\new\window_engine.vhd:]
WARNING: [filemgmt 56-199] Attempt to get parsing info during refresh. "On-the-fly" syntax checking information may be incorrect. [E:\dvs_project_u16\dvs_bypass_pack\dvs_bypass_pack.srcs\sources_1\new\pixel_packer.vhd:]
WARNING: [filemgmt 56-199] Attempt to get parsing info during refresh. "On-the-fly" syntax checking information may be incorrect. [E:\dvs_project_u16\dvs_bypass_pack\dvs_bypass_pack.srcs\sources_1\new\coordinate_tracker.vhd:]
WARNING: [filemgmt 56-199] Attempt to get parsing info during refresh. "On-the-fly" syntax checking information may be incorrect. [E:\dvs_project_u16\dvs_bypass_pack\dvs_bypass_pack.srcs\sources_1\new\address_gen.vhd:]
WARNING: [filemgmt 56-199] Attempt to get parsing info during refresh. "On-the-fly" syntax checking information may be incorrect. [E:\dvs_project_u16\dvs_bypass_pack\dvs_bypass_pack.srcs\sources_1\new\packages.vhd:]
WARNING: [filemgmt 56-199] Attempt to get parsing info during refresh. "On-the-fly" syntax checking information may be incorrect. [E:\dvs_project_u16\dvs_bypass_pack\dvs_bypass_pack.srcs\sources_1\new\window_engine.vhd:]
WARNING: [filemgmt 56-199] Attempt to get parsing info during refresh. "On-the-fly" syntax checking information may be incorrect. [E:\dvs_project_u16\dvs_bypass_pack\dvs_bypass_pack.srcs\sources_1\new\alu_code.vhd:]
WARNING: [filemgmt 56-199] Attempt to get parsing info during refresh. "On-the-fly" syntax checking information may be incorrect. [E:\dvs_project_u16\dvs_bypass_pack\dvs_bypass_pack.srcs\sources_1\new\address_gen.vhd:]
WARNING: [filemgmt 56-199] Attempt to get parsing info during refresh. "On-the-fly" syntax checking information may be incorrect. [E:\dvs_project_u16\dvs_bypass_pack\dvs_bypass_pack.srcs\sources_1\new\address_gen.vhd:]
WARNING: [filemgmt 56-199] Attempt to get parsing info during refresh. "On-the-fly" syntax checking information may be incorrect. [E:\dvs_project_u16\dvs_bypass_pack\dvs_bypass_pack.srcs\sources_1\new\pixel_packer.vhd:]
WARNING: [filemgmt 56-199] Attempt to get parsing info during refresh. "On-the-fly" syntax checking information may be incorrect. [E:\dvs_project_u16\dvs_bypass_pack\dvs_bypass_pack.srcs\sources_1\new\coordinate_tracker.vhd:]
WARNING: [filemgmt 56-199] Attempt to get parsing info during refresh. "On-the-fly" syntax checking information may be incorrect. [E:\dvs_project_u16\dvs_bypass_pack\dvs_bypass_pack.srcs\sources_1\new\address_gen.vhd:]
WARNING: [filemgmt 56-199] Attempt to get parsing info during refresh. "On-the-fly" syntax checking information may be incorrect. [E:\dvs_project_u16\dvs_bypass_pack\dvs_bypass_pack.srcs\sources_1\new\packages.vhd:]
WARNING: [filemgmt 56-199] Attempt to get parsing info during refresh. "On-the-fly" syntax checking information may be incorrect. [E:\dvs_project_u16\dvs_bypass_pack\dvs_bypass_pack.srcs\sources_1\new\window_engine.vhd:]
WARNING: [filemgmt 56-199] Attempt to get parsing info during refresh. "On-the-fly" syntax checking information may be incorrect. [E:\dvs_project_u16\dvs_bypass_pack\dvs_bypass_pack.srcs\sources_1\new\alu_code.vhd:]
WARNING: [filemgmt 56-199] Attempt to get parsing info during refresh. "On-the-fly" syntax checking information may be incorrect. [E:\dvs_project_u16\dvs_bypass_pack\dvs_bypass_pack.srcs\sources_1\new\coordinate_tracker.vhd:]
WARNING: [filemgmt 56-199] Attempt to get parsing info during refresh. "On-the-fly" syntax checking information may be incorrect. [E:\dvs_project_u16\dvs_bypass_pack\dvs_bypass_pack.srcs\sources_1\new\coordinate_tracker.vhd:]
ERROR: [Common 17-180] Spawn failed: The operation completed successfully.

WARNING: [filemgmt 56-199] Attempt to get parsing info during refresh. "On-the-fly" syntax checking information may be incorrect. [E:\dvs_project_u16\dvs_bypass_pack\dvs_bypass_pack.srcs\sources_1\new\pixel_packer.vhd:]
WARNING: [filemgmt 56-199] Attempt to get parsing info during refresh. "On-the-fly" syntax checking information may be incorrect. [E:\dvs_project_u16\dvs_bypass_pack\dvs_bypass_pack.srcs\sources_1\new\coordinate_tracker.vhd:]
WARNING: [filemgmt 56-199] Attempt to get parsing info during refresh. "On-the-fly" syntax checking information may be incorrect. [E:\dvs_project_u16\dvs_bypass_pack\dvs_bypass_pack.srcs\sources_1\new\address_gen.vhd:]
WARNING: [filemgmt 56-199] Attempt to get parsing info during refresh. "On-the-fly" syntax checking information may be incorrect. [E:\dvs_project_u16\dvs_bypass_pack\dvs_bypass_pack.srcs\sources_1\new\packages.vhd:]
WARNING: [filemgmt 56-199] Attempt to get parsing info during refresh. "On-the-fly" syntax checking information may be incorrect. [E:\dvs_project_u16\dvs_bypass_pack\dvs_bypass_pack.srcs\sources_1\new\window_engine.vhd:]
WARNING: [filemgmt 56-199] Attempt to get parsing info during refresh. "On-the-fly" syntax checking information may be incorrect. [E:\dvs_project_u16\dvs_bypass_pack\dvs_bypass_pack.srcs\sources_1\new\alu_code.vhd:]
WARNING: [filemgmt 56-199] Attempt to get parsing info during refresh. "On-the-fly" syntax checking information may be incorrect. [E:\dvs_project_u16\dvs_bypass_pack\dvs_bypass_pack.srcs\sources_1\new\packages.vhd:]
WARNING: [filemgmt 56-199] Attempt to get parsing info during refresh. "On-the-fly" syntax checking information may be incorrect. [E:\dvs_project_u16\dvs_bypass_pack\dvs_bypass_pack.srcs\sources_1\new\packages.vhd:]
generate_target all [get_files  E:/dvs_project_u16/dvs_bypass_pack/dvs_bypass_pack.srcs/sources_1/bd/axi_block_design/axi_block_design.bd]
INFO: [BD 41-1637] Generated targets are already up-to-date for block design 'axi_block_design' - hence not re-generating.
export_ip_user_files -of_objects [get_files E:/dvs_project_u16/dvs_bypass_pack/dvs_bypass_pack.srcs/sources_1/bd/axi_block_design/axi_block_design.bd] -no_script -sync -force -quiet
create_ip_run [get_files -of_objects [get_fileset sources_1] E:/dvs_project_u16/dvs_bypass_pack/dvs_bypass_pack.srcs/sources_1/bd/axi_block_design/axi_block_design.bd]
launch_runs axi_block_design_acc_image_filter_0_1_synth_1 -jobs 8
[Wed Jul 29 20:14:05 2026] Launched axi_block_design_acc_image_filter_0_1_synth_1...
Run output will be captured here: E:/dvs_project_u16/dvs_bypass_pack/dvs_bypass_pack.runs/axi_block_design_acc_image_filter_0_1_synth_1/runme.log
export_simulation -lib_map_path [list {modelsim=E:/dvs_project_u16/dvs_bypass_pack/dvs_bypass_pack.cache/compile_simlib/modelsim} {questa=E:/dvs_project_u16/dvs_bypass_pack/dvs_bypass_pack.cache/compile_simlib/questa} {riviera=E:/dvs_project_u16/dvs_bypass_pack/dvs_bypass_pack.cache/compile_simlib/riviera} {activehdl=E:/dvs_project_u16/dvs_bypass_pack/dvs_bypass_pack.cache/compile_simlib/activehdl}] -of_objects [get_files E:/dvs_project_u16/dvs_bypass_pack/dvs_bypass_pack.srcs/sources_1/bd/axi_block_design/axi_block_design.bd] -directory E:/dvs_project_u16/dvs_bypass_pack/dvs_bypass_pack.ip_user_files/sim_scripts -ip_user_files_dir E:/dvs_project_u16/dvs_bypass_pack/dvs_bypass_pack.ip_user_files -ipstatic_source_dir E:/dvs_project_u16/dvs_bypass_pack/dvs_bypass_pack.ip_user_files/ipstatic -use_ip_compiled_libs -force -quiet
WARNING: [filemgmt 56-199] Attempt to get parsing info during refresh. "On-the-fly" syntax checking information may be incorrect. [E:\dvs_project_u16\dvs_bypass_pack\dvs_bypass_pack.srcs\sources_1\new\coordinate_tracker.vhd:]
WARNING: [filemgmt 56-199] Attempt to get parsing info during refresh. "On-the-fly" syntax checking information may be incorrect. [E:\dvs_project_u16\dvs_bypass_pack\dvs_bypass_pack.srcs\sources_1\new\address_gen.vhd:]
WARNING: [filemgmt 56-199] Attempt to get parsing info during refresh. "On-the-fly" syntax checking information may be incorrect. [E:\dvs_project_u16\dvs_bypass_pack\dvs_bypass_pack.srcs\sources_1\new\packages.vhd:]
WARNING: [filemgmt 56-199] Attempt to get parsing info during refresh. "On-the-fly" syntax checking information may be incorrect. [E:\dvs_project_u16\dvs_bypass_pack\dvs_bypass_pack.srcs\sources_1\new\window_engine.vhd:]
WARNING: [filemgmt 56-199] Attempt to get parsing info during refresh. "On-the-fly" syntax checking information may be incorrect. [E:\dvs_project_u16\dvs_bypass_pack\dvs_bypass_pack.srcs\sources_1\new\alu_code.vhd:]
WARNING: [filemgmt 56-199] Attempt to get parsing info during refresh. "On-the-fly" syntax checking information may be incorrect. [E:\dvs_project_u16\dvs_bypass_pack\dvs_bypass_pack.srcs\sources_1\new\window_engine.vhd:]
WARNING: [filemgmt 56-199] Attempt to get parsing info during refresh. "On-the-fly" syntax checking information may be incorrect. [E:\dvs_project_u16\dvs_bypass_pack\dvs_bypass_pack.srcs\sources_1\new\window_engine.vhd:]
WARNING: [filemgmt 56-199] Attempt to get parsing info during refresh. "On-the-fly" syntax checking information may be incorrect. [E:\dvs_project_u16\dvs_bypass_pack\dvs_bypass_pack.srcs\sources_1\new\coordinate_tracker.vhd:]
WARNING: [filemgmt 56-199] Attempt to get parsing info during refresh. "On-the-fly" syntax checking information may be incorrect. [E:\dvs_project_u16\dvs_bypass_pack\dvs_bypass_pack.srcs\sources_1\new\address_gen.vhd:]
WARNING: [filemgmt 56-199] Attempt to get parsing info during refresh. "On-the-fly" syntax checking information may be incorrect. [E:\dvs_project_u16\dvs_bypass_pack\dvs_bypass_pack.srcs\sources_1\new\packages.vhd:]
WARNING: [filemgmt 56-199] Attempt to get parsing info during refresh. "On-the-fly" syntax checking information may be incorrect. [E:\dvs_project_u16\dvs_bypass_pack\dvs_bypass_pack.srcs\sources_1\new\window_engine.vhd:]
WARNING: [filemgmt 56-199] Attempt to get parsing info during refresh. "On-the-fly" syntax checking information may be incorrect. [E:\dvs_project_u16\dvs_bypass_pack\dvs_bypass_pack.srcs\sources_1\new\alu_code.vhd:]
WARNING: [filemgmt 56-199] Attempt to get parsing info during refresh. "On-the-fly" syntax checking information may be incorrect. [E:\dvs_project_u16\dvs_bypass_pack\dvs_bypass_pack.srcs\sources_1\new\address_gen.vhd:]
WARNING: [filemgmt 56-199] Attempt to get parsing info during refresh. "On-the-fly" syntax checking information may be incorrect. [E:\dvs_project_u16\dvs_bypass_pack\dvs_bypass_pack.srcs\sources_1\new\address_gen.vhd:]
WARNING: [filemgmt 56-199] Attempt to get parsing info during refresh. "On-the-fly" syntax checking information may be incorrect. [E:\dvs_project_u16\dvs_bypass_pack\dvs_bypass_pack.srcs\sources_1\new\coordinate_tracker.vhd:]
WARNING: [filemgmt 56-199] Attempt to get parsing info during refresh. "On-the-fly" syntax checking information may be incorrect. [E:\dvs_project_u16\dvs_bypass_pack\dvs_bypass_pack.srcs\sources_1\new\address_gen.vhd:]
WARNING: [filemgmt 56-199] Attempt to get parsing info during refresh. "On-the-fly" syntax checking information may be incorrect. [E:\dvs_project_u16\dvs_bypass_pack\dvs_bypass_pack.srcs\sources_1\new\packages.vhd:]
WARNING: [filemgmt 56-199] Attempt to get parsing info during refresh. "On-the-fly" syntax checking information may be incorrect. [E:\dvs_project_u16\dvs_bypass_pack\dvs_bypass_pack.srcs\sources_1\new\window_engine.vhd:]
WARNING: [filemgmt 56-199] Attempt to get parsing info during refresh. "On-the-fly" syntax checking information may be incorrect. [E:\dvs_project_u16\dvs_bypass_pack\dvs_bypass_pack.srcs\sources_1\new\alu_code.vhd:]
WARNING: [filemgmt 56-199] Attempt to get parsing info during refresh. "On-the-fly" syntax checking information may be incorrect. [E:\dvs_project_u16\dvs_bypass_pack\dvs_bypass_pack.srcs\sources_1\new\coordinate_tracker.vhd:]
WARNING: [filemgmt 56-199] Attempt to get parsing info during refresh. "On-the-fly" syntax checking information may be incorrect. [E:\dvs_project_u16\dvs_bypass_pack\dvs_bypass_pack.srcs\sources_1\new\coordinate_tracker.vhd:]
ERROR: [Common 17-180] Spawn failed: The operation completed successfully.

WARNING: [filemgmt 56-199] Attempt to get parsing info during refresh. "On-the-fly" syntax checking information may be incorrect. [E:\dvs_project_u16\dvs_bypass_pack\dvs_bypass_pack.srcs\sources_1\new\coordinate_tracker.vhd:]
WARNING: [filemgmt 56-199] Attempt to get parsing info during refresh. "On-the-fly" syntax checking information may be incorrect. [E:\dvs_project_u16\dvs_bypass_pack\dvs_bypass_pack.srcs\sources_1\new\address_gen.vhd:]
WARNING: [filemgmt 56-199] Attempt to get parsing info during refresh. "On-the-fly" syntax checking information may be incorrect. [E:\dvs_project_u16\dvs_bypass_pack\dvs_bypass_pack.srcs\sources_1\new\packages.vhd:]
WARNING: [filemgmt 56-199] Attempt to get parsing info during refresh. "On-the-fly" syntax checking information may be incorrect. [E:\dvs_project_u16\dvs_bypass_pack\dvs_bypass_pack.srcs\sources_1\new\window_engine.vhd:]
WARNING: [filemgmt 56-199] Attempt to get parsing info during refresh. "On-the-fly" syntax checking information may be incorrect. [E:\dvs_project_u16\dvs_bypass_pack\dvs_bypass_pack.srcs\sources_1\new\alu_code.vhd:]
WARNING: [filemgmt 56-199] Attempt to get parsing info during refresh. "On-the-fly" syntax checking information may be incorrect. [E:\dvs_project_u16\dvs_bypass_pack\dvs_bypass_pack.srcs\sources_1\new\alu_code.vhd:]
WARNING: [filemgmt 56-199] Attempt to get parsing info during refresh. "On-the-fly" syntax checking information may be incorrect. [E:\dvs_project_u16\dvs_bypass_pack\dvs_bypass_pack.srcs\sources_1\new\alu_code.vhd:]
reset_run synth_1
INFO: [Project 1-1161] Replacing file E:/dvs_project_u16/dvs_bypass_pack/dvs_bypass_pack.srcs/utils_1/imports/synth_1/axi_block_design_wrapper.dcp with file E:/dvs_project_u16/dvs_bypass_pack/dvs_bypass_pack.runs/synth_1/axi_block_design_wrapper.dcp
WARNING: [Vivado 12-1017] Problems encountered:
1. Failed to delete one or more files in run directory E:/dvs_project_u16/dvs_bypass_pack/dvs_bypass_pack.runs/synth_1

launch_runs impl_1 -to_step write_bitstream -jobs 8
WARNING: [filemgmt 56-199] Attempt to get parsing info during refresh. "On-the-fly" syntax checking information may be incorrect. [E:\dvs_project_u16\dvs_bypass_pack\dvs_bypass_pack.srcs\sources_1\new\coordinate_tracker.vhd:]
WARNING: [filemgmt 56-199] Attempt to get parsing info during refresh. "On-the-fly" syntax checking information may be incorrect. [E:\dvs_project_u16\dvs_bypass_pack\dvs_bypass_pack.srcs\sources_1\new\address_gen.vhd:]
WARNING: [filemgmt 56-199] Attempt to get parsing info during refresh. "On-the-fly" syntax checking information may be incorrect. [E:\dvs_project_u16\dvs_bypass_pack\dvs_bypass_pack.srcs\sources_1\new\packages.vhd:]
WARNING: [filemgmt 56-199] Attempt to get parsing info during refresh. "On-the-fly" syntax checking information may be incorrect. [E:\dvs_project_u16\dvs_bypass_pack\dvs_bypass_pack.srcs\sources_1\new\window_engine.vhd:]
WARNING: [filemgmt 56-199] Attempt to get parsing info during refresh. "On-the-fly" syntax checking information may be incorrect. [E:\dvs_project_u16\dvs_bypass_pack\dvs_bypass_pack.srcs\sources_1\new\alu_code.vhd:]
WARNING: [filemgmt 56-199] Attempt to get parsing info during refresh. "On-the-fly" syntax checking information may be incorrect. [E:\dvs_project_u16\dvs_bypass_pack\dvs_bypass_pack.srcs\sources_1\new\alu_code.vhd:]
WARNING: [filemgmt 56-199] Attempt to get parsing info during refresh. "On-the-fly" syntax checking information may be incorrect. [E:\dvs_project_u16\dvs_bypass_pack\dvs_bypass_pack.srcs\sources_1\new\alu_code.vhd:]
WARNING: [filemgmt 56-199] Attempt to get parsing info during refresh. "On-the-fly" syntax checking information may be incorrect. [E:\dvs_project_u16\dvs_bypass_pack\dvs_bypass_pack.srcs\sources_1\new\coordinate_tracker.vhd:]
WARNING: [filemgmt 56-199] Attempt to get parsing info during refresh. "On-the-fly" syntax checking information may be incorrect. [E:\dvs_project_u16\dvs_bypass_pack\dvs_bypass_pack.srcs\sources_1\new\address_gen.vhd:]
WARNING: [filemgmt 56-199] Attempt to get parsing info during refresh. "On-the-fly" syntax checking information may be incorrect. [E:\dvs_project_u16\dvs_bypass_pack\dvs_bypass_pack.srcs\sources_1\new\packages.vhd:]
WARNING: [filemgmt 56-199] Attempt to get parsing info during refresh. "On-the-fly" syntax checking information may be incorrect. [E:\dvs_project_u16\dvs_bypass_pack\dvs_bypass_pack.srcs\sources_1\new\window_engine.vhd:]
WARNING: [filemgmt 56-199] Attempt to get parsing info during refresh. "On-the-fly" syntax checking information may be incorrect. [E:\dvs_project_u16\dvs_bypass_pack\dvs_bypass_pack.srcs\sources_1\new\alu_code.vhd:]
WARNING: [filemgmt 56-199] Attempt to get parsing info during refresh. "On-the-fly" syntax checking information may be incorrect. [E:\dvs_project_u16\dvs_bypass_pack\dvs_bypass_pack.srcs\sources_1\new\window_engine.vhd:]
WARNING: [filemgmt 56-199] Attempt to get parsing info during refresh. "On-the-fly" syntax checking information may be incorrect. [E:\dvs_project_u16\dvs_bypass_pack\dvs_bypass_pack.srcs\sources_1\new\window_engine.vhd:]
WARNING: [filemgmt 56-199] Attempt to get parsing info during refresh. "On-the-fly" syntax checking information may be incorrect. [E:\dvs_project_u16\dvs_bypass_pack\dvs_bypass_pack.srcs\sources_1\new\coordinate_tracker.vhd:]
WARNING: [filemgmt 56-199] Attempt to get parsing info during refresh. "On-the-fly" syntax checking information may be incorrect. [E:\dvs_project_u16\dvs_bypass_pack\dvs_bypass_pack.srcs\sources_1\new\address_gen.vhd:]
WARNING: [filemgmt 56-199] Attempt to get parsing info during refresh. "On-the-fly" syntax checking information may be incorrect. [E:\dvs_project_u16\dvs_bypass_pack\dvs_bypass_pack.srcs\sources_1\new\packages.vhd:]
WARNING: [filemgmt 56-199] Attempt to get parsing info during refresh. "On-the-fly" syntax checking information may be incorrect. [E:\dvs_project_u16\dvs_bypass_pack\dvs_bypass_pack.srcs\sources_1\new\window_engine.vhd:]
WARNING: [filemgmt 56-199] Attempt to get parsing info during refresh. "On-the-fly" syntax checking information may be incorrect. [E:\dvs_project_u16\dvs_bypass_pack\dvs_bypass_pack.srcs\sources_1\new\alu_code.vhd:]
WARNING: [filemgmt 56-199] Attempt to get parsing info during refresh. "On-the-fly" syntax checking information may be incorrect. [E:\dvs_project_u16\dvs_bypass_pack\dvs_bypass_pack.srcs\sources_1\new\coordinate_tracker.vhd:]
WARNING: [filemgmt 56-199] Attempt to get parsing info during refresh. "On-the-fly" syntax checking information may be incorrect. [E:\dvs_project_u16\dvs_bypass_pack\dvs_bypass_pack.srcs\sources_1\new\coordinate_tracker.vhd:]
WARNING: [filemgmt 56-199] Attempt to get parsing info during refresh. "On-the-fly" syntax checking information may be incorrect. [E:\dvs_project_u16\dvs_bypass_pack\dvs_bypass_pack.srcs\sources_1\new\coordinate_tracker.vhd:]
WARNING: [filemgmt 56-199] Attempt to get parsing info during refresh. "On-the-fly" syntax checking information may be incorrect. [E:\dvs_project_u16\dvs_bypass_pack\dvs_bypass_pack.srcs\sources_1\new\address_gen.vhd:]
WARNING: [filemgmt 56-199] Attempt to get parsing info during refresh. "On-the-fly" syntax checking information may be incorrect. [E:\dvs_project_u16\dvs_bypass_pack\dvs_bypass_pack.srcs\sources_1\new\packages.vhd:]
WARNING: [filemgmt 56-199] Attempt to get parsing info during refresh. "On-the-fly" syntax checking information may be incorrect. [E:\dvs_project_u16\dvs_bypass_pack\dvs_bypass_pack.srcs\sources_1\new\window_engine.vhd:]
WARNING: [filemgmt 56-199] Attempt to get parsing info during refresh. "On-the-fly" syntax checking information may be incorrect. [E:\dvs_project_u16\dvs_bypass_pack\dvs_bypass_pack.srcs\sources_1\new\alu_code.vhd:]
WARNING: [filemgmt 56-199] Attempt to get parsing info during refresh. "On-the-fly" syntax checking information may be incorrect. [E:\dvs_project_u16\dvs_bypass_pack\dvs_bypass_pack.srcs\sources_1\new\packages.vhd:]
WARNING: [filemgmt 56-199] Attempt to get parsing info during refresh. "On-the-fly" syntax checking information may be incorrect. [E:\dvs_project_u16\dvs_bypass_pack\dvs_bypass_pack.srcs\sources_1\new\packages.vhd:]
[Wed Jul 29 20:18:18 2026] Launched synth_1...
Run output will be captured here: E:/dvs_project_u16/dvs_bypass_pack/dvs_bypass_pack.runs/synth_1/runme.log
[Wed Jul 29 20:18:18 2026] Launched impl_1...
Run output will be captured here: E:/dvs_project_u16/dvs_bypass_pack/dvs_bypass_pack.runs/impl_1/runme.log
write_hw_platform -fixed -include_bit -force -file E:/dvs_project_u16/dvs_bypass_pack/axi_final1_wrapper.xsa
INFO: [Project 1-1918] Creating Hardware Platform: E:/dvs_project_u16/dvs_bypass_pack/axi_final1_wrapper.xsa ...
INFO: [Project 1-1943] The Hardware Platform can be used for Hardware
INFO: [Project 1-1941] Successfully created Hardware Platform: E:/dvs_project_u16/dvs_bypass_pack/axi_final1_wrapper.xsa
INFO: [Hsi 55-2053] elapsed time for repository (E:/vivado_2025_1/2025.1/Vivado/data/embeddedsw) loading 8 seconds
write_hw_platform: Time (s): cpu = 00:00:08 ; elapsed = 00:00:18 . Memory (MB): peak = 4120.453 ; gain = 0.000
INFO: [Labtoolstcl 44-466] Opening hw_target localhost:3121/xilinx_tcf/Xilinx/1234-tulA
WARNING: [Labtoolstcl 44-129] No matching hw_ila_data was found.
INFO: [Labtools 27-1435] Device xc7z020 (JTAG device index = 1) is not programmed (DONE status = 0).
WARNING: [Labtoolstcl 44-129] No matching hw_ila_data was found.
set_property PROBES.FILE {E:/dvs_project_u16/dvs_bypass_pack/dvs_bypass_pack.runs/impl_1/axi_block_design_wrapper.ltx} [get_hw_devices xc7z020_1]
set_property FULL_PROBES.FILE {E:/dvs_project_u16/dvs_bypass_pack/dvs_bypass_pack.runs/impl_1/axi_block_design_wrapper.ltx} [get_hw_devices xc7z020_1]
set_property PROGRAM.FILE {E:/dvs_project_u16/dvs_bypass_pack/dvs_bypass_pack.runs/impl_1/axi_block_design_wrapper.bit} [get_hw_devices xc7z020_1]
program_hw_devices [get_hw_devices xc7z020_1]
INFO: [Labtools 27-3164] End of startup status: HIGH
refresh_hw_device [lindex [get_hw_devices xc7z020_1] 0]
INFO: [Labtools 27-2302] Device xc7z020 (JTAG device index = 1) is programmed with a design that has 1 ILA core(s).
display_hw_ila_data [ get_hw_ila_data hw_ila_data_1 -of_objects [get_hw_ilas -of_objects [get_hw_devices xc7z020_1] -filter {CELL_NAME=~"u_ila_0"}]]
WARNING: Simulation object axi_block_design_i/acc_image_filter_0/U0/IMG_FiLTER/col was not found in the design.
WARNING: Simulation object axi_block_design_i/acc_image_filter_0/U0/IMG_FiLTER/row was not found in the design.
archive_project E:/dvs_project_u16/dvs_project_final.xpr.zip -temp_dir C:/Users/vasas/AppData/Roaming/Xilinx/Vivado/.Xil/Vivado-6832-windows_rip -force -exclude_run_results -include_local_ip_cache
INFO: [Coretcl 2-137] starting archive...
INFO: [Coretcl 2-1499] Saving project copy to temporary location 'C:/Users/vasas/AppData/Roaming/Xilinx/Vivado/.Xil/Vivado-6832-windows_rip' for archiving project
Scanning sources...
Finished scanning sources
INFO: [IP_Flow 19-234] Refreshing IP repositories
INFO: [IP_Flow 19-1704] No user IP repositories specified
INFO: [IP_Flow 19-2313] Loaded Vivado IP repository 'E:/vivado_2025_1/2025.1/Vivado/data/ip'.
INFO: [Project 1-5698] Found the below utility IPs instantiated in block design E:/dvs_project_u16/dvs_bypass_pack/dvs_bypass_pack.srcs/sources_1/bd/axi_block_design/axi_block_design.bd which have equivalent inline hdl with improved performance and reduced diskspace.
It is recommended to migrate these utility IPs to inline hdl  using the command upgrade_project -migrate_to_inline_hdl.  The utility IPs may be deprecated in future releases.
More information on inline hdl is available in UG994.
Utility IP Component Instances:
 axi_block_design_xlconcat_0_2
INFO: [Coretcl 2-1211] Creating project copy for archival...
WARNING: [filemgmt 56-199] Attempt to get parsing info during refresh. "On-the-fly" syntax checking information may be incorrect. [E:\dvs_project_u16\dvs_bypass_pack\dvs_bypass_pack.srcs\sources_1\new\coordinate_tracker.vhd:]
WARNING: [filemgmt 56-199] Attempt to get parsing info during refresh. "On-the-fly" syntax checking information may be incorrect. [E:\dvs_project_u16\dvs_bypass_pack\dvs_bypass_pack.srcs\sources_1\new\address_gen.vhd:]
WARNING: [filemgmt 56-199] Attempt to get parsing info during refresh. "On-the-fly" syntax checking information may be incorrect. [E:\dvs_project_u16\dvs_bypass_pack\dvs_bypass_pack.srcs\sources_1\new\packages.vhd:]
WARNING: [filemgmt 56-199] Attempt to get parsing info during refresh. "On-the-fly" syntax checking information may be incorrect. [E:\dvs_project_u16\dvs_bypass_pack\dvs_bypass_pack.srcs\sources_1\new\window_engine.vhd:]
WARNING: [filemgmt 56-199] Attempt to get parsing info during refresh. "On-the-fly" syntax checking information may be incorrect. [E:\dvs_project_u16\dvs_bypass_pack\dvs_bypass_pack.srcs\sources_1\new\alu_code.vhd:]
WARNING: [filemgmt 56-199] Attempt to get parsing info during refresh. "On-the-fly" syntax checking information may be incorrect. [E:\dvs_project_u16\dvs_bypass_pack\dvs_bypass_pack.srcs\sources_1\new\alu_code.vhd:]
WARNING: [filemgmt 56-199] Attempt to get parsing info during refresh. "On-the-fly" syntax checking information may be incorrect. [E:\dvs_project_u16\dvs_bypass_pack\dvs_bypass_pack.srcs\sources_1\new\alu_code.vhd:]
WARNING: [filemgmt 56-199] Attempt to get parsing info during refresh. "On-the-fly" syntax checking information may be incorrect. [E:\dvs_project_u16\dvs_bypass_pack\dvs_bypass_pack.srcs\sources_1\new\coordinate_tracker.vhd:]
WARNING: [filemgmt 56-199] Attempt to get parsing info during refresh. "On-the-fly" syntax checking information may be incorrect. [E:\dvs_project_u16\dvs_bypass_pack\dvs_bypass_pack.srcs\sources_1\new\address_gen.vhd:]
WARNING: [filemgmt 56-199] Attempt to get parsing info during refresh. "On-the-fly" syntax checking information may be incorrect. [E:\dvs_project_u16\dvs_bypass_pack\dvs_bypass_pack.srcs\sources_1\new\packages.vhd:]
WARNING: [filemgmt 56-199] Attempt to get parsing info during refresh. "On-the-fly" syntax checking information may be incorrect. [E:\dvs_project_u16\dvs_bypass_pack\dvs_bypass_pack.srcs\sources_1\new\window_engine.vhd:]
WARNING: [filemgmt 56-199] Attempt to get parsing info during refresh. "On-the-fly" syntax checking information may be incorrect. [E:\dvs_project_u16\dvs_bypass_pack\dvs_bypass_pack.srcs\sources_1\new\alu_code.vhd:]
WARNING: [filemgmt 56-199] Attempt to get parsing info during refresh. "On-the-fly" syntax checking information may be incorrect. [E:\dvs_project_u16\dvs_bypass_pack\dvs_bypass_pack.srcs\sources_1\new\address_gen.vhd:]
WARNING: [filemgmt 56-199] Attempt to get parsing info during refresh. "On-the-fly" syntax checking information may be incorrect. [E:\dvs_project_u16\dvs_bypass_pack\dvs_bypass_pack.srcs\sources_1\new\address_gen.vhd:]
WARNING: [filemgmt 56-199] Attempt to get parsing info during refresh. "On-the-fly" syntax checking information may be incorrect. [E:\dvs_project_u16\dvs_bypass_pack\dvs_bypass_pack.srcs\sources_1\new\coordinate_tracker.vhd:]
WARNING: [filemgmt 56-199] Attempt to get parsing info during refresh. "On-the-fly" syntax checking information may be incorrect. [E:\dvs_project_u16\dvs_bypass_pack\dvs_bypass_pack.srcs\sources_1\new\address_gen.vhd:]
WARNING: [filemgmt 56-199] Attempt to get parsing info during refresh. "On-the-fly" syntax checking information may be incorrect. [E:\dvs_project_u16\dvs_bypass_pack\dvs_bypass_pack.srcs\sources_1\new\packages.vhd:]
WARNING: [filemgmt 56-199] Attempt to get parsing info during refresh. "On-the-fly" syntax checking information may be incorrect. [E:\dvs_project_u16\dvs_bypass_pack\dvs_bypass_pack.srcs\sources_1\new\window_engine.vhd:]
WARNING: [filemgmt 56-199] Attempt to get parsing info during refresh. "On-the-fly" syntax checking information may be incorrect. [E:\dvs_project_u16\dvs_bypass_pack\dvs_bypass_pack.srcs\sources_1\new\alu_code.vhd:]
WARNING: [filemgmt 56-199] Attempt to get parsing info during refresh. "On-the-fly" syntax checking information may be incorrect. [E:\dvs_project_u16\dvs_bypass_pack\dvs_bypass_pack.srcs\sources_1\new\coordinate_tracker.vhd:]
WARNING: [filemgmt 56-199] Attempt to get parsing info during refresh. "On-the-fly" syntax checking information may be incorrect. [E:\dvs_project_u16\dvs_bypass_pack\dvs_bypass_pack.srcs\sources_1\new\coordinate_tracker.vhd:]
WARNING: [filemgmt 56-199] Attempt to get parsing info during refresh. "On-the-fly" syntax checking information may be incorrect. [E:\dvs_project_u16\dvs_bypass_pack\dvs_bypass_pack.srcs\sources_1\new\coordinate_tracker.vhd:]
WARNING: [filemgmt 56-199] Attempt to get parsing info during refresh. "On-the-fly" syntax checking information may be incorrect. [E:\dvs_project_u16\dvs_bypass_pack\dvs_bypass_pack.srcs\sources_1\new\address_gen.vhd:]
WARNING: [filemgmt 56-199] Attempt to get parsing info during refresh. "On-the-fly" syntax checking information may be incorrect. [E:\dvs_project_u16\dvs_bypass_pack\dvs_bypass_pack.srcs\sources_1\new\packages.vhd:]
WARNING: [filemgmt 56-199] Attempt to get parsing info during refresh. "On-the-fly" syntax checking information may be incorrect. [E:\dvs_project_u16\dvs_bypass_pack\dvs_bypass_pack.srcs\sources_1\new\window_engine.vhd:]
WARNING: [filemgmt 56-199] Attempt to get parsing info during refresh. "On-the-fly" syntax checking information may be incorrect. [E:\dvs_project_u16\dvs_bypass_pack\dvs_bypass_pack.srcs\sources_1\new\alu_code.vhd:]
WARNING: [filemgmt 56-199] Attempt to get parsing info during refresh. "On-the-fly" syntax checking information may be incorrect. [E:\dvs_project_u16\dvs_bypass_pack\dvs_bypass_pack.srcs\sources_1\new\window_engine.vhd:]
WARNING: [filemgmt 56-199] Attempt to get parsing info during refresh. "On-the-fly" syntax checking information may be incorrect. [E:\dvs_project_u16\dvs_bypass_pack\dvs_bypass_pack.srcs\sources_1\new\window_engine.vhd:]
WARNING: [filemgmt 56-199] Attempt to get parsing info during refresh. "On-the-fly" syntax checking information may be incorrect. [E:\dvs_project_u16\dvs_bypass_pack\dvs_bypass_pack.srcs\sources_1\new\coordinate_tracker.vhd:]
WARNING: [filemgmt 56-199] Attempt to get parsing info during refresh. "On-the-fly" syntax checking information may be incorrect. [E:\dvs_project_u16\dvs_bypass_pack\dvs_bypass_pack.srcs\sources_1\new\address_gen.vhd:]
WARNING: [filemgmt 56-199] Attempt to get parsing info during refresh. "On-the-fly" syntax checking information may be incorrect. [E:\dvs_project_u16\dvs_bypass_pack\dvs_bypass_pack.srcs\sources_1\new\packages.vhd:]
WARNING: [filemgmt 56-199] Attempt to get parsing info during refresh. "On-the-fly" syntax checking information may be incorrect. [E:\dvs_project_u16\dvs_bypass_pack\dvs_bypass_pack.srcs\sources_1\new\window_engine.vhd:]
WARNING: [filemgmt 56-199] Attempt to get parsing info during refresh. "On-the-fly" syntax checking information may be incorrect. [E:\dvs_project_u16\dvs_bypass_pack\dvs_bypass_pack.srcs\sources_1\new\alu_code.vhd:]
WARNING: [filemgmt 56-199] Attempt to get parsing info during refresh. "On-the-fly" syntax checking information may be incorrect. [E:\dvs_project_u16\dvs_bypass_pack\dvs_bypass_pack.srcs\sources_1\new\window_engine.vhd:]
WARNING: [filemgmt 56-199] Attempt to get parsing info during refresh. "On-the-fly" syntax checking information may be incorrect. [E:\dvs_project_u16\dvs_bypass_pack\dvs_bypass_pack.srcs\sources_1\new\window_engine.vhd:]
WARNING: [filemgmt 56-199] Attempt to get parsing info during refresh. "On-the-fly" syntax checking information may be incorrect. [E:\dvs_project_u16\dvs_bypass_pack\dvs_bypass_pack.srcs\sources_1\new\coordinate_tracker.vhd:]
WARNING: [filemgmt 56-199] Attempt to get parsing info during refresh. "On-the-fly" syntax checking information may be incorrect. [E:\dvs_project_u16\dvs_bypass_pack\dvs_bypass_pack.srcs\sources_1\new\address_gen.vhd:]
WARNING: [filemgmt 56-199] Attempt to get parsing info during refresh. "On-the-fly" syntax checking information may be incorrect. [E:\dvs_project_u16\dvs_bypass_pack\dvs_bypass_pack.srcs\sources_1\new\packages.vhd:]
WARNING: [filemgmt 56-199] Attempt to get parsing info during refresh. "On-the-fly" syntax checking information may be incorrect. [E:\dvs_project_u16\dvs_bypass_pack\dvs_bypass_pack.srcs\sources_1\new\window_engine.vhd:]
WARNING: [filemgmt 56-199] Attempt to get parsing info during refresh. "On-the-fly" syntax checking information may be incorrect. [E:\dvs_project_u16\dvs_bypass_pack\dvs_bypass_pack.srcs\sources_1\new\alu_code.vhd:]
WARNING: [filemgmt 56-199] Attempt to get parsing info during refresh. "On-the-fly" syntax checking information may be incorrect. [E:\dvs_project_u16\dvs_bypass_pack\dvs_bypass_pack.srcs\sources_1\new\address_gen.vhd:]
WARNING: [filemgmt 56-199] Attempt to get parsing info during refresh. "On-the-fly" syntax checking information may be incorrect. [E:\dvs_project_u16\dvs_bypass_pack\dvs_bypass_pack.srcs\sources_1\new\address_gen.vhd:]
WARNING: [filemgmt 56-199] Attempt to get parsing info during refresh. "On-the-fly" syntax checking information may be incorrect. [E:\dvs_project_u16\dvs_bypass_pack\dvs_bypass_pack.srcs\sources_1\new\coordinate_tracker.vhd:]
WARNING: [filemgmt 56-199] Attempt to get parsing info during refresh. "On-the-fly" syntax checking information may be incorrect. [E:\dvs_project_u16\dvs_bypass_pack\dvs_bypass_pack.srcs\sources_1\new\address_gen.vhd:]
WARNING: [filemgmt 56-199] Attempt to get parsing info during refresh. "On-the-fly" syntax checking information may be incorrect. [E:\dvs_project_u16\dvs_bypass_pack\dvs_bypass_pack.srcs\sources_1\new\packages.vhd:]
WARNING: [filemgmt 56-199] Attempt to get parsing info during refresh. "On-the-fly" syntax checking information may be incorrect. [E:\dvs_project_u16\dvs_bypass_pack\dvs_bypass_pack.srcs\sources_1\new\window_engine.vhd:]
WARNING: [filemgmt 56-199] Attempt to get parsing info during refresh. "On-the-fly" syntax checking information may be incorrect. [E:\dvs_project_u16\dvs_bypass_pack\dvs_bypass_pack.srcs\sources_1\new\alu_code.vhd:]
WARNING: [filemgmt 56-199] Attempt to get parsing info during refresh. "On-the-fly" syntax checking information may be incorrect. [E:\dvs_project_u16\dvs_bypass_pack\dvs_bypass_pack.srcs\sources_1\new\packages.vhd:]
WARNING: [filemgmt 56-199] Attempt to get parsing info during refresh. "On-the-fly" syntax checking information may be incorrect. [E:\dvs_project_u16\dvs_bypass_pack\dvs_bypass_pack.srcs\sources_1\new\packages.vhd:]
WARNING: [filemgmt 56-199] Attempt to get parsing info during refresh. "On-the-fly" syntax checking information may be incorrect. [E:\dvs_project_u16\dvs_bypass_pack\dvs_bypass_pack.srcs\sources_1\new\coordinate_tracker.vhd:]
WARNING: [filemgmt 56-199] Attempt to get parsing info during refresh. "On-the-fly" syntax checking information may be incorrect. [E:\dvs_project_u16\dvs_bypass_pack\dvs_bypass_pack.srcs\sources_1\new\address_gen.vhd:]
WARNING: [filemgmt 56-199] Attempt to get parsing info during refresh. "On-the-fly" syntax checking information may be incorrect. [E:\dvs_project_u16\dvs_bypass_pack\dvs_bypass_pack.srcs\sources_1\new\packages.vhd:]
WARNING: [filemgmt 56-199] Attempt to get parsing info during refresh. "On-the-fly" syntax checking information may be incorrect. [E:\dvs_project_u16\dvs_bypass_pack\dvs_bypass_pack.srcs\sources_1\new\window_engine.vhd:]
WARNING: [filemgmt 56-199] Attempt to get parsing info during refresh. "On-the-fly" syntax checking information may be incorrect. [E:\dvs_project_u16\dvs_bypass_pack\dvs_bypass_pack.srcs\sources_1\new\alu_code.vhd:]
WARNING: [filemgmt 56-199] Attempt to get parsing info during refresh. "On-the-fly" syntax checking information may be incorrect. [E:\dvs_project_u16\dvs_bypass_pack\dvs_bypass_pack.srcs\sources_1\new\coordinate_tracker.vhd:]
WARNING: [filemgmt 56-199] Attempt to get parsing info during refresh. "On-the-fly" syntax checking information may be incorrect. [E:\dvs_project_u16\dvs_bypass_pack\dvs_bypass_pack.srcs\sources_1\new\coordinate_tracker.vhd:]
INFO: [ProjectBase 1-495] The host OS only allows 260 characters in a normal path. The project is stored in a path with more than 80 characters. If you experience any problem with archiving the project, please consider setting environment variable $TEMP to a shorter path.
Current project path is 'C:/Users/vasas/AppData/Roaming/Xilinx/Vivado/.Xil/Vivado-6832-windows_rip/PrjAr/_X_'.
WARNING: [filemgmt 56-199] Attempt to get parsing info during refresh. "On-the-fly" syntax checking information may be incorrect. [E:\dvs_project_u16\dvs_bypass_pack\dvs_bypass_pack.srcs\sources_1\new\coordinate_tracker.vhd:]
WARNING: [filemgmt 56-199] Attempt to get parsing info during refresh. "On-the-fly" syntax checking information may be incorrect. [E:\dvs_project_u16\dvs_bypass_pack\dvs_bypass_pack.srcs\sources_1\new\address_gen.vhd:]
WARNING: [filemgmt 56-199] Attempt to get parsing info during refresh. "On-the-fly" syntax checking information may be incorrect. [E:\dvs_project_u16\dvs_bypass_pack\dvs_bypass_pack.srcs\sources_1\new\packages.vhd:]
WARNING: [filemgmt 56-199] Attempt to get parsing info during refresh. "On-the-fly" syntax checking information may be incorrect. [E:\dvs_project_u16\dvs_bypass_pack\dvs_bypass_pack.srcs\sources_1\new\window_engine.vhd:]
WARNING: [filemgmt 56-199] Attempt to get parsing info during refresh. "On-the-fly" syntax checking information may be incorrect. [E:\dvs_project_u16\dvs_bypass_pack\dvs_bypass_pack.srcs\sources_1\new\alu_code.vhd:]
WARNING: [filemgmt 56-199] Attempt to get parsing info during refresh. "On-the-fly" syntax checking information may be incorrect. [E:\dvs_project_u16\dvs_bypass_pack\dvs_bypass_pack.srcs\sources_1\new\packages.vhd:]
WARNING: [filemgmt 56-199] Attempt to get parsing info during refresh. "On-the-fly" syntax checking information may be incorrect. [E:\dvs_project_u16\dvs_bypass_pack\dvs_bypass_pack.srcs\sources_1\new\packages.vhd:]
WARNING: [filemgmt 56-199] Attempt to get parsing info during refresh. "On-the-fly" syntax checking information may be incorrect. [E:\dvs_project_u16\dvs_bypass_pack\dvs_bypass_pack.srcs\sources_1\new\coordinate_tracker.vhd:]
WARNING: [filemgmt 56-199] Attempt to get parsing info during refresh. "On-the-fly" syntax checking information may be incorrect. [E:\dvs_project_u16\dvs_bypass_pack\dvs_bypass_pack.srcs\sources_1\new\address_gen.vhd:]
WARNING: [filemgmt 56-199] Attempt to get parsing info during refresh. "On-the-fly" syntax checking information may be incorrect. [E:\dvs_project_u16\dvs_bypass_pack\dvs_bypass_pack.srcs\sources_1\new\packages.vhd:]
WARNING: [filemgmt 56-199] Attempt to get parsing info during refresh. "On-the-fly" syntax checking information may be incorrect. [E:\dvs_project_u16\dvs_bypass_pack\dvs_bypass_pack.srcs\sources_1\new\window_engine.vhd:]
WARNING: [filemgmt 56-199] Attempt to get parsing info during refresh. "On-the-fly" syntax checking information may be incorrect. [E:\dvs_project_u16\dvs_bypass_pack\dvs_bypass_pack.srcs\sources_1\new\alu_code.vhd:]
WARNING: [filemgmt 56-199] Attempt to get parsing info during refresh. "On-the-fly" syntax checking information may be incorrect. [E:\dvs_project_u16\dvs_bypass_pack\dvs_bypass_pack.srcs\sources_1\new\coordinate_tracker.vhd:]
WARNING: [filemgmt 56-199] Attempt to get parsing info during refresh. "On-the-fly" syntax checking information may be incorrect. [E:\dvs_project_u16\dvs_bypass_pack\dvs_bypass_pack.srcs\sources_1\new\coordinate_tracker.vhd:]
WARNING: [filemgmt 56-199] Attempt to get parsing info during refresh. "On-the-fly" syntax checking information may be incorrect. [E:\dvs_project_u16\dvs_bypass_pack\dvs_bypass_pack.srcs\sources_1\new\coordinate_tracker.vhd:]
WARNING: [filemgmt 56-199] Attempt to get parsing info during refresh. "On-the-fly" syntax checking information may be incorrect. [E:\dvs_project_u16\dvs_bypass_pack\dvs_bypass_pack.srcs\sources_1\new\address_gen.vhd:]
WARNING: [filemgmt 56-199] Attempt to get parsing info during refresh. "On-the-fly" syntax checking information may be incorrect. [E:\dvs_project_u16\dvs_bypass_pack\dvs_bypass_pack.srcs\sources_1\new\packages.vhd:]
WARNING: [filemgmt 56-199] Attempt to get parsing info during refresh. "On-the-fly" syntax checking information may be incorrect. [E:\dvs_project_u16\dvs_bypass_pack\dvs_bypass_pack.srcs\sources_1\new\window_engine.vhd:]
WARNING: [filemgmt 56-199] Attempt to get parsing info during refresh. "On-the-fly" syntax checking information may be incorrect. [E:\dvs_project_u16\dvs_bypass_pack\dvs_bypass_pack.srcs\sources_1\new\alu_code.vhd:]
WARNING: [filemgmt 56-199] Attempt to get parsing info during refresh. "On-the-fly" syntax checking information may be incorrect. [E:\dvs_project_u16\dvs_bypass_pack\dvs_bypass_pack.srcs\sources_1\new\address_gen.vhd:]
WARNING: [filemgmt 56-199] Attempt to get parsing info during refresh. "On-the-fly" syntax checking information may be incorrect. [E:\dvs_project_u16\dvs_bypass_pack\dvs_bypass_pack.srcs\sources_1\new\address_gen.vhd:]
WARNING: [filemgmt 56-199] Attempt to get parsing info during refresh. "On-the-fly" syntax checking information may be incorrect. [E:\dvs_project_u16\dvs_bypass_pack\dvs_bypass_pack.srcs\sources_1\new\coordinate_tracker.vhd:]
WARNING: [filemgmt 56-199] Attempt to get parsing info during refresh. "On-the-fly" syntax checking information may be incorrect. [E:\dvs_project_u16\dvs_bypass_pack\dvs_bypass_pack.srcs\sources_1\new\address_gen.vhd:]
WARNING: [filemgmt 56-199] Attempt to get parsing info during refresh. "On-the-fly" syntax checking information may be incorrect. [E:\dvs_project_u16\dvs_bypass_pack\dvs_bypass_pack.srcs\sources_1\new\packages.vhd:]
WARNING: [filemgmt 56-199] Attempt to get parsing info during refresh. "On-the-fly" syntax checking information may be incorrect. [E:\dvs_project_u16\dvs_bypass_pack\dvs_bypass_pack.srcs\sources_1\new\window_engine.vhd:]
WARNING: [filemgmt 56-199] Attempt to get parsing info during refresh. "On-the-fly" syntax checking information may be incorrect. [E:\dvs_project_u16\dvs_bypass_pack\dvs_bypass_pack.srcs\sources_1\new\alu_code.vhd:]
WARNING: [filemgmt 56-199] Attempt to get parsing info during refresh. "On-the-fly" syntax checking information may be incorrect. [E:\dvs_project_u16\dvs_bypass_pack\dvs_bypass_pack.srcs\sources_1\new\window_engine.vhd:]
WARNING: [filemgmt 56-199] Attempt to get parsing info during refresh. "On-the-fly" syntax checking information may be incorrect. [E:\dvs_project_u16\dvs_bypass_pack\dvs_bypass_pack.srcs\sources_1\new\window_engine.vhd:]
WARNING: [IP_Flow 19-2162] IP 'axi_block_design_xlconcat_0_2' is locked:
* IP 'axi_block_design_xlconcat_0_2' was locked because its BD Cell is locked for upgrade.
WARNING: [filemgmt 56-199] Attempt to get parsing info during refresh. "On-the-fly" syntax checking information may be incorrect. [E:\dvs_project_u16\dvs_bypass_pack\dvs_bypass_pack.srcs\sources_1\new\coordinate_tracker.vhd:]
WARNING: [filemgmt 56-199] Attempt to get parsing info during refresh. "On-the-fly" syntax checking information may be incorrect. [E:\dvs_project_u16\dvs_bypass_pack\dvs_bypass_pack.srcs\sources_1\new\address_gen.vhd:]
WARNING: [filemgmt 56-199] Attempt to get parsing info during refresh. "On-the-fly" syntax checking information may be incorrect. [E:\dvs_project_u16\dvs_bypass_pack\dvs_bypass_pack.srcs\sources_1\new\packages.vhd:]
WARNING: [filemgmt 56-199] Attempt to get parsing info during refresh. "On-the-fly" syntax checking information may be incorrect. [E:\dvs_project_u16\dvs_bypass_pack\dvs_bypass_pack.srcs\sources_1\new\window_engine.vhd:]
WARNING: [filemgmt 56-199] Attempt to get parsing info during refresh. "On-the-fly" syntax checking information may be incorrect. [E:\dvs_project_u16\dvs_bypass_pack\dvs_bypass_pack.srcs\sources_1\new\alu_code.vhd:]
WARNING: [filemgmt 56-199] Attempt to get parsing info during refresh. "On-the-fly" syntax checking information may be incorrect. [E:\dvs_project_u16\dvs_bypass_pack\dvs_bypass_pack.srcs\sources_1\new\window_engine.vhd:]
WARNING: [filemgmt 56-199] Attempt to get parsing info during refresh. "On-the-fly" syntax checking information may be incorrect. [E:\dvs_project_u16\dvs_bypass_pack\dvs_bypass_pack.srcs\sources_1\new\window_engine.vhd:]
WARNING: [filemgmt 56-199] Attempt to get parsing info during refresh. "On-the-fly" syntax checking information may be incorrect. [E:\dvs_project_u16\dvs_bypass_pack\dvs_bypass_pack.srcs\sources_1\new\coordinate_tracker.vhd:]
WARNING: [filemgmt 56-199] Attempt to get parsing info during refresh. "On-the-fly" syntax checking information may be incorrect. [E:\dvs_project_u16\dvs_bypass_pack\dvs_bypass_pack.srcs\sources_1\new\address_gen.vhd:]
WARNING: [filemgmt 56-199] Attempt to get parsing info during refresh. "On-the-fly" syntax checking information may be incorrect. [E:\dvs_project_u16\dvs_bypass_pack\dvs_bypass_pack.srcs\sources_1\new\packages.vhd:]
WARNING: [filemgmt 56-199] Attempt to get parsing info during refresh. "On-the-fly" syntax checking information may be incorrect. [E:\dvs_project_u16\dvs_bypass_pack\dvs_bypass_pack.srcs\sources_1\new\window_engine.vhd:]
WARNING: [filemgmt 56-199] Attempt to get parsing info during refresh. "On-the-fly" syntax checking information may be incorrect. [E:\dvs_project_u16\dvs_bypass_pack\dvs_bypass_pack.srcs\sources_1\new\alu_code.vhd:]
WARNING: [filemgmt 56-199] Attempt to get parsing info during refresh. "On-the-fly" syntax checking information may be incorrect. [E:\dvs_project_u16\dvs_bypass_pack\dvs_bypass_pack.srcs\sources_1\new\packages.vhd:]
WARNING: [filemgmt 56-199] Attempt to get parsing info during refresh. "On-the-fly" syntax checking information may be incorrect. [E:\dvs_project_u16\dvs_bypass_pack\dvs_bypass_pack.srcs\sources_1\new\packages.vhd:]
WARNING: [IP_Flow 19-4995] The host OS only allows 260 characters in a normal path. The IP cache path is more than 80 characters. If you experience issues with IP caching, please consider changing the IP cache to a location with a shorter path. Alternately consider using the OS subst command to map part of the path to a drive letter. 
Current IP cache path is C:/Users/vasas/AppData/Roaming/Xilinx/Vivado/.Xil/Vivado-6832-windows_rip/PrjAr/_X_/dvs_bypass_pack.cache/ip 
ERROR: [Common 17-180] Spawn failed: The operation completed successfully.

WARNING: [filemgmt 56-199] Attempt to get parsing info during refresh. "On-the-fly" syntax checking information may be incorrect. [E:\dvs_project_u16\dvs_bypass_pack\dvs_bypass_pack.srcs\sources_1\new\coordinate_tracker.vhd:]
WARNING: [filemgmt 56-199] Attempt to get parsing info during refresh. "On-the-fly" syntax checking information may be incorrect. [E:\dvs_project_u16\dvs_bypass_pack\dvs_bypass_pack.srcs\sources_1\new\address_gen.vhd:]
WARNING: [filemgmt 56-199] Attempt to get parsing info during refresh. "On-the-fly" syntax checking information may be incorrect. [E:\dvs_project_u16\dvs_bypass_pack\dvs_bypass_pack.srcs\sources_1\new\packages.vhd:]
WARNING: [filemgmt 56-199] Attempt to get parsing info during refresh. "On-the-fly" syntax checking information may be incorrect. [E:\dvs_project_u16\dvs_bypass_pack\dvs_bypass_pack.srcs\sources_1\new\window_engine.vhd:]
WARNING: [filemgmt 56-199] Attempt to get parsing info during refresh. "On-the-fly" syntax checking information may be incorrect. [E:\dvs_project_u16\dvs_bypass_pack\dvs_bypass_pack.srcs\sources_1\new\alu_code.vhd:]
WARNING: [filemgmt 56-199] Attempt to get parsing info during refresh. "On-the-fly" syntax checking information may be incorrect. [E:\dvs_project_u16\dvs_bypass_pack\dvs_bypass_pack.srcs\sources_1\new\address_gen.vhd:]
WARNING: [filemgmt 56-199] Attempt to get parsing info during refresh. "On-the-fly" syntax checking information may be incorrect. [E:\dvs_project_u16\dvs_bypass_pack\dvs_bypass_pack.srcs\sources_1\new\address_gen.vhd:]
INFO: [IP_Flow 19-5107] Inferred bus interface 'm_axis_data_out' of definition 'xilinx.com:interface:axis:1.0' (from Xilinx Repository).
INFO: [IP_Flow 19-5107] Inferred bus interface 's_axis_data_in' of definition 'xilinx.com:interface:axis:1.0' (from Xilinx Repository).
INFO: [IP_Flow 19-5107] Inferred bus interface 's_axi_ctrl' of definition 'xilinx.com:interface:aximm:1.0' (from Xilinx Repository).
INFO: [IP_Flow 19-5107] Inferred bus interface 'reset' of definition 'xilinx.com:signal:reset:1.0' (from Xilinx Repository).
INFO: [IP_Flow 19-5107] Inferred bus interface 'clk' of definition 'xilinx.com:signal:clock:1.0' (from Xilinx Repository).
INFO: [IP_Flow 19-4728] Bus Interface 'clk': Added interface parameter 'ASSOCIATED_BUSIF' with value 'm_axis_data_out'.
INFO: [IP_Flow 19-4728] Bus Interface 'clk': Added interface parameter 'ASSOCIATED_RESET' with value 'reset'.
WARNING: [IP_Flow 19-11770] Clock interface 'clk' has no FREQ_HZ parameter.
INFO: [Coretcl 2-135] resetting runs for excluding generated files from archive...
WARNING: [Coretcl 2-105] Run 'synth_1' is currently active
INFO: [Coretcl 2-133] resetting run 'synth_1'...
INFO: [Project 1-1161] Replacing file C:/Users/vasas/AppData/Roaming/Xilinx/Vivado/.Xil/Vivado-6832-windows_rip/PrjAr/_X_/dvs_bypass_pack.srcs/utils_1/imports/synth_1/axi_block_design_wrapper.dcp with file C:/Users/vasas/AppData/Roaming/Xilinx/Vivado/.Xil/Vivado-6832-windows_rip/PrjAr/_X_/dvs_bypass_pack.runs/synth_1/axi_block_design_wrapper.dcp
WARNING: [Coretcl 2-105] Run 'axi_block_design_processing_system7_0_1_synth_1' is currently active
INFO: [Coretcl 2-133] resetting run 'axi_block_design_processing_system7_0_1_synth_1'...
WARNING: [Coretcl 2-105] Run 'axi_block_design_axi_smc_1_synth_1' is currently active
INFO: [Coretcl 2-133] resetting run 'axi_block_design_axi_smc_1_synth_1'...
WARNING: [Coretcl 2-105] Run 'axi_block_design_acc_image_filter_0_1_synth_1' is currently active
INFO: [Coretcl 2-133] resetting run 'axi_block_design_acc_image_filter_0_1_synth_1'...
INFO: [Coretcl 2-133] resetting run 'impl_1'...
INFO: [Coretcl 2-133] resetting run 'axi_block_design_processing_system7_0_1_impl_1'...
INFO: [Coretcl 2-133] resetting run 'axi_block_design_axi_smc_1_impl_1'...
INFO: [Coretcl 2-133] resetting run 'axi_block_design_acc_image_filter_0_1_impl_1'...
INFO: [Coretcl 2-1212] Importing remotely added design sources and verilog include files (if any)...
INFO: [filemgmt 20-334] All file(s) are already imported in fileset: 'axi_block_design_acc_image_filter_0_1'
INFO: [filemgmt 20-334] All file(s) are already imported in fileset: 'axi_block_design_axi_smc_1'
INFO: [filemgmt 20-334] All file(s) are already imported in fileset: 'axi_block_design_processing_system7_0_1'
INFO: [filemgmt 20-334] All file(s) are already imported in fileset: 'constrs_1'
INFO: [filemgmt 20-348] Importing the appropriate files for fileset: 'sim_1'
INFO: [filemgmt 20-334] All file(s) are already imported in fileset: 'sources_1'
INFO: [filemgmt 20-334] All file(s) are already imported in fileset: 'utils_1'
INFO: [Coretcl 2-1209] Adding archive summary file to the project...
INFO: [Coretcl 2-1214] Preparing project files for archive...
ERROR: [Common 17-680] Path length exceeds 260-Byte maximum allowed by Windows: C:/Users/vasas/AppData/Roaming/Xilinx/Vivado/.Xil/Vivado-6832-windows_rip/PrjAr/dvs_bypass_pack/dvs_bypass_pack.gen/sources_1/bd/axi_block_design/ip/axi_block_design_axi_mem_intercon_imp_auto_pc_0/axi_block_design_axi_mem_intercon_imp_auto_pc_0_sim_netlist.vhdl
Please consider using the OS subst command to shorten the path length by mapping part of the path to a virtual drive letter. See Answer Record AR52787 for more information.
Resolution: In Windows 7 or later, the mklink command can also be used to create a symbolic link and shorten the path.
archive_project E:/dvs_project_u16/dvs_predaja/dvs_bypass_pack.xpr.zip -temp_dir E:/dvs_project_u16/dvs_predaja -force -exclude_run_results -include_local_ip_cache
INFO: [Coretcl 2-137] starting archive...
INFO: [Coretcl 2-1499] Saving project copy to temporary location 'E:/dvs_project_u16/dvs_predaja' for archiving project
Scanning sources...
Finished scanning sources
INFO: [IP_Flow 19-234] Refreshing IP repositories
INFO: [IP_Flow 19-1704] No user IP repositories specified
INFO: [IP_Flow 19-2313] Loaded Vivado IP repository 'E:/vivado_2025_1/2025.1/Vivado/data/ip'.
INFO: [Project 1-5698] Found the below utility IPs instantiated in block design E:/dvs_project_u16/dvs_bypass_pack/dvs_bypass_pack.srcs/sources_1/bd/axi_block_design/axi_block_design.bd which have equivalent inline hdl with improved performance and reduced diskspace.
It is recommended to migrate these utility IPs to inline hdl  using the command upgrade_project -migrate_to_inline_hdl.  The utility IPs may be deprecated in future releases.
More information on inline hdl is available in UG994.
Utility IP Component Instances:
 axi_block_design_xlconcat_0_2
INFO: [Coretcl 2-1211] Creating project copy for archival...
WARNING: [IP_Flow 19-2162] IP 'axi_block_design_xlconcat_0_2' is locked:
* IP 'axi_block_design_xlconcat_0_2' was locked because its BD Cell is locked for upgrade.
WARNING: [filemgmt 56-199] Attempt to get parsing info during refresh. "On-the-fly" syntax checking information may be incorrect. [E:\dvs_project_u16\dvs_bypass_pack\dvs_bypass_pack.srcs\sources_1\new\coordinate_tracker.vhd:]
WARNING: [filemgmt 56-199] Attempt to get parsing info during refresh. "On-the-fly" syntax checking information may be incorrect. [E:\dvs_project_u16\dvs_bypass_pack\dvs_bypass_pack.srcs\sources_1\new\address_gen.vhd:]
WARNING: [filemgmt 56-199] Attempt to get parsing info during refresh. "On-the-fly" syntax checking information may be incorrect. [E:\dvs_project_u16\dvs_bypass_pack\dvs_bypass_pack.srcs\sources_1\new\packages.vhd:]
WARNING: [filemgmt 56-199] Attempt to get parsing info during refresh. "On-the-fly" syntax checking information may be incorrect. [E:\dvs_project_u16\dvs_bypass_pack\dvs_bypass_pack.srcs\sources_1\new\window_engine.vhd:]
WARNING: [filemgmt 56-199] Attempt to get parsing info during refresh. "On-the-fly" syntax checking information may be incorrect. [E:\dvs_project_u16\dvs_bypass_pack\dvs_bypass_pack.srcs\sources_1\new\alu_code.vhd:]
WARNING: [filemgmt 56-199] Attempt to get parsing info during refresh. "On-the-fly" syntax checking information may be incorrect. [E:\dvs_project_u16\dvs_bypass_pack\dvs_bypass_pack.srcs\sources_1\new\coordinate_tracker.vhd:]
WARNING: [filemgmt 56-199] Attempt to get parsing info during refresh. "On-the-fly" syntax checking information may be incorrect. [E:\dvs_project_u16\dvs_bypass_pack\dvs_bypass_pack.srcs\sources_1\new\coordinate_tracker.vhd:]
WARNING: [filemgmt 56-199] Attempt to get parsing info during refresh. "On-the-fly" syntax checking information may be incorrect. [E:\dvs_project_u16\dvs_bypass_pack\dvs_bypass_pack.srcs\sources_1\new\coordinate_tracker.vhd:]
WARNING: [filemgmt 56-199] Attempt to get parsing info during refresh. "On-the-fly" syntax checking information may be incorrect. [E:\dvs_project_u16\dvs_bypass_pack\dvs_bypass_pack.srcs\sources_1\new\address_gen.vhd:]
WARNING: [filemgmt 56-199] Attempt to get parsing info during refresh. "On-the-fly" syntax checking information may be incorrect. [E:\dvs_project_u16\dvs_bypass_pack\dvs_bypass_pack.srcs\sources_1\new\packages.vhd:]
WARNING: [filemgmt 56-199] Attempt to get parsing info during refresh. "On-the-fly" syntax checking information may be incorrect. [E:\dvs_project_u16\dvs_bypass_pack\dvs_bypass_pack.srcs\sources_1\new\window_engine.vhd:]
WARNING: [filemgmt 56-199] Attempt to get parsing info during refresh. "On-the-fly" syntax checking information may be incorrect. [E:\dvs_project_u16\dvs_bypass_pack\dvs_bypass_pack.srcs\sources_1\new\alu_code.vhd:]
WARNING: [filemgmt 56-199] Attempt to get parsing info during refresh. "On-the-fly" syntax checking information may be incorrect. [E:\dvs_project_u16\dvs_bypass_pack\dvs_bypass_pack.srcs\sources_1\new\packages.vhd:]
WARNING: [filemgmt 56-199] Attempt to get parsing info during refresh. "On-the-fly" syntax checking information may be incorrect. [E:\dvs_project_u16\dvs_bypass_pack\dvs_bypass_pack.srcs\sources_1\new\packages.vhd:]
WARNING: [filemgmt 56-199] Attempt to get parsing info during refresh. "On-the-fly" syntax checking information may be incorrect. [E:\dvs_project_u16\dvs_bypass_pack\dvs_bypass_pack.srcs\sources_1\new\coordinate_tracker.vhd:]
WARNING: [filemgmt 56-199] Attempt to get parsing info during refresh. "On-the-fly" syntax checking information may be incorrect. [E:\dvs_project_u16\dvs_bypass_pack\dvs_bypass_pack.srcs\sources_1\new\address_gen.vhd:]
WARNING: [filemgmt 56-199] Attempt to get parsing info during refresh. "On-the-fly" syntax checking information may be incorrect. [E:\dvs_project_u16\dvs_bypass_pack\dvs_bypass_pack.srcs\sources_1\new\packages.vhd:]
WARNING: [filemgmt 56-199] Attempt to get parsing info during refresh. "On-the-fly" syntax checking information may be incorrect. [E:\dvs_project_u16\dvs_bypass_pack\dvs_bypass_pack.srcs\sources_1\new\window_engine.vhd:]
WARNING: [filemgmt 56-199] Attempt to get parsing info during refresh. "On-the-fly" syntax checking information may be incorrect. [E:\dvs_project_u16\dvs_bypass_pack\dvs_bypass_pack.srcs\sources_1\new\alu_code.vhd:]
WARNING: [filemgmt 56-199] Attempt to get parsing info during refresh. "On-the-fly" syntax checking information may be incorrect. [E:\dvs_project_u16\dvs_bypass_pack\dvs_bypass_pack.srcs\sources_1\new\address_gen.vhd:]
WARNING: [filemgmt 56-199] Attempt to get parsing info during refresh. "On-the-fly" syntax checking information may be incorrect. [E:\dvs_project_u16\dvs_bypass_pack\dvs_bypass_pack.srcs\sources_1\new\address_gen.vhd:]
WARNING: [filemgmt 56-199] Attempt to get parsing info during refresh. "On-the-fly" syntax checking information may be incorrect. [E:\dvs_project_u16\dvs_bypass_pack\dvs_bypass_pack.srcs\sources_1\new\coordinate_tracker.vhd:]
WARNING: [filemgmt 56-199] Attempt to get parsing info during refresh. "On-the-fly" syntax checking information may be incorrect. [E:\dvs_project_u16\dvs_bypass_pack\dvs_bypass_pack.srcs\sources_1\new\address_gen.vhd:]
WARNING: [filemgmt 56-199] Attempt to get parsing info during refresh. "On-the-fly" syntax checking information may be incorrect. [E:\dvs_project_u16\dvs_bypass_pack\dvs_bypass_pack.srcs\sources_1\new\packages.vhd:]
WARNING: [filemgmt 56-199] Attempt to get parsing info during refresh. "On-the-fly" syntax checking information may be incorrect. [E:\dvs_project_u16\dvs_bypass_pack\dvs_bypass_pack.srcs\sources_1\new\window_engine.vhd:]
WARNING: [filemgmt 56-199] Attempt to get parsing info during refresh. "On-the-fly" syntax checking information may be incorrect. [E:\dvs_project_u16\dvs_bypass_pack\dvs_bypass_pack.srcs\sources_1\new\alu_code.vhd:]
WARNING: [filemgmt 56-199] Attempt to get parsing info during refresh. "On-the-fly" syntax checking information may be incorrect. [E:\dvs_project_u16\dvs_bypass_pack\dvs_bypass_pack.srcs\sources_1\new\window_engine.vhd:]
WARNING: [filemgmt 56-199] Attempt to get parsing info during refresh. "On-the-fly" syntax checking information may be incorrect. [E:\dvs_project_u16\dvs_bypass_pack\dvs_bypass_pack.srcs\sources_1\new\window_engine.vhd:]
INFO: [IP_Flow 19-5107] Inferred bus interface 'm_axis_data_out' of definition 'xilinx.com:interface:axis:1.0' (from Xilinx Repository).
INFO: [IP_Flow 19-5107] Inferred bus interface 's_axis_data_in' of definition 'xilinx.com:interface:axis:1.0' (from Xilinx Repository).
INFO: [IP_Flow 19-5107] Inferred bus interface 's_axi_ctrl' of definition 'xilinx.com:interface:aximm:1.0' (from Xilinx Repository).
INFO: [IP_Flow 19-5107] Inferred bus interface 'reset' of definition 'xilinx.com:signal:reset:1.0' (from Xilinx Repository).
INFO: [IP_Flow 19-5107] Inferred bus interface 'clk' of definition 'xilinx.com:signal:clock:1.0' (from Xilinx Repository).
INFO: [IP_Flow 19-4728] Bus Interface 'clk': Added interface parameter 'ASSOCIATED_BUSIF' with value 'm_axis_data_out'.
INFO: [IP_Flow 19-4728] Bus Interface 'clk': Added interface parameter 'ASSOCIATED_RESET' with value 'reset'.
WARNING: [IP_Flow 19-11770] Clock interface 'clk' has no FREQ_HZ parameter.
INFO: [Coretcl 2-135] resetting runs for excluding generated files from archive...
WARNING: [Coretcl 2-105] Run 'synth_1' is currently active
INFO: [Coretcl 2-133] resetting run 'synth_1'...
INFO: [Project 1-1161] Replacing file E:/dvs_project_u16/dvs_predaja/PrjAr/_X_/dvs_bypass_pack.srcs/utils_1/imports/synth_1/axi_block_design_wrapper.dcp with file E:/dvs_project_u16/dvs_predaja/PrjAr/_X_/dvs_bypass_pack.runs/synth_1/axi_block_design_wrapper.dcp
WARNING: [Coretcl 2-105] Run 'axi_block_design_processing_system7_0_1_synth_1' is currently active
INFO: [Coretcl 2-133] resetting run 'axi_block_design_processing_system7_0_1_synth_1'...
WARNING: [Coretcl 2-105] Run 'axi_block_design_axi_smc_1_synth_1' is currently active
INFO: [Coretcl 2-133] resetting run 'axi_block_design_axi_smc_1_synth_1'...
WARNING: [Coretcl 2-105] Run 'axi_block_design_acc_image_filter_0_1_synth_1' is currently active
INFO: [Coretcl 2-133] resetting run 'axi_block_design_acc_image_filter_0_1_synth_1'...
INFO: [Coretcl 2-133] resetting run 'impl_1'...
INFO: [Coretcl 2-133] resetting run 'axi_block_design_processing_system7_0_1_impl_1'...
INFO: [Coretcl 2-133] resetting run 'axi_block_design_axi_smc_1_impl_1'...
INFO: [Coretcl 2-133] resetting run 'axi_block_design_acc_image_filter_0_1_impl_1'...
INFO: [Coretcl 2-1212] Importing remotely added design sources and verilog include files (if any)...
INFO: [filemgmt 20-334] All file(s) are already imported in fileset: 'axi_block_design_acc_image_filter_0_1'
INFO: [filemgmt 20-334] All file(s) are already imported in fileset: 'axi_block_design_axi_smc_1'
INFO: [filemgmt 20-334] All file(s) are already imported in fileset: 'axi_block_design_processing_system7_0_1'
INFO: [filemgmt 20-334] All file(s) are already imported in fileset: 'constrs_1'
INFO: [filemgmt 20-348] Importing the appropriate files for fileset: 'sim_1'
INFO: [filemgmt 20-334] All file(s) are already imported in fileset: 'sources_1'
INFO: [filemgmt 20-334] All file(s) are already imported in fileset: 'utils_1'
WARNING: [filemgmt 56-199] Attempt to get parsing info during refresh. "On-the-fly" syntax checking information may be incorrect. [E:\dvs_project_u16\dvs_bypass_pack\dvs_bypass_pack.srcs\sources_1\new\coordinate_tracker.vhd:]
WARNING: [filemgmt 56-199] Attempt to get parsing info during refresh. "On-the-fly" syntax checking information may be incorrect. [E:\dvs_project_u16\dvs_bypass_pack\dvs_bypass_pack.srcs\sources_1\new\address_gen.vhd:]
WARNING: [filemgmt 56-199] Attempt to get parsing info during refresh. "On-the-fly" syntax checking information may be incorrect. [E:\dvs_project_u16\dvs_bypass_pack\dvs_bypass_pack.srcs\sources_1\new\packages.vhd:]
WARNING: [filemgmt 56-199] Attempt to get parsing info during refresh. "On-the-fly" syntax checking information may be incorrect. [E:\dvs_project_u16\dvs_bypass_pack\dvs_bypass_pack.srcs\sources_1\new\window_engine.vhd:]
WARNING: [filemgmt 56-199] Attempt to get parsing info during refresh. "On-the-fly" syntax checking information may be incorrect. [E:\dvs_project_u16\dvs_bypass_pack\dvs_bypass_pack.srcs\sources_1\new\alu_code.vhd:]
WARNING: [filemgmt 56-199] Attempt to get parsing info during refresh. "On-the-fly" syntax checking information may be incorrect. [E:\dvs_project_u16\dvs_bypass_pack\dvs_bypass_pack.srcs\sources_1\new\window_engine.vhd:]
WARNING: [filemgmt 56-199] Attempt to get parsing info during refresh. "On-the-fly" syntax checking information may be incorrect. [E:\dvs_project_u16\dvs_bypass_pack\dvs_bypass_pack.srcs\sources_1\new\window_engine.vhd:]
WARNING: [filemgmt 56-199] Attempt to get parsing info during refresh. "On-the-fly" syntax checking information may be incorrect. [E:\dvs_project_u16\dvs_bypass_pack\dvs_bypass_pack.srcs\sources_1\new\coordinate_tracker.vhd:]
WARNING: [filemgmt 56-199] Attempt to get parsing info during refresh. "On-the-fly" syntax checking information may be incorrect. [E:\dvs_project_u16\dvs_bypass_pack\dvs_bypass_pack.srcs\sources_1\new\address_gen.vhd:]
WARNING: [filemgmt 56-199] Attempt to get parsing info during refresh. "On-the-fly" syntax checking information may be incorrect. [E:\dvs_project_u16\dvs_bypass_pack\dvs_bypass_pack.srcs\sources_1\new\packages.vhd:]
WARNING: [filemgmt 56-199] Attempt to get parsing info during refresh. "On-the-fly" syntax checking information may be incorrect. [E:\dvs_project_u16\dvs_bypass_pack\dvs_bypass_pack.srcs\sources_1\new\window_engine.vhd:]
WARNING: [filemgmt 56-199] Attempt to get parsing info during refresh. "On-the-fly" syntax checking information may be incorrect. [E:\dvs_project_u16\dvs_bypass_pack\dvs_bypass_pack.srcs\sources_1\new\alu_code.vhd:]
WARNING: [filemgmt 56-199] Attempt to get parsing info during refresh. "On-the-fly" syntax checking information may be incorrect. [E:\dvs_project_u16\dvs_bypass_pack\dvs_bypass_pack.srcs\sources_1\new\coordinate_tracker.vhd:]
WARNING: [filemgmt 56-199] Attempt to get parsing info during refresh. "On-the-fly" syntax checking information may be incorrect. [E:\dvs_project_u16\dvs_bypass_pack\dvs_bypass_pack.srcs\sources_1\new\coordinate_tracker.vhd:]
WARNING: [filemgmt 56-199] Attempt to get parsing info during refresh. "On-the-fly" syntax checking information may be incorrect. [E:\dvs_project_u16\dvs_bypass_pack\dvs_bypass_pack.srcs\sources_1\new\coordinate_tracker.vhd:]
WARNING: [filemgmt 56-199] Attempt to get parsing info during refresh. "On-the-fly" syntax checking information may be incorrect. [E:\dvs_project_u16\dvs_bypass_pack\dvs_bypass_pack.srcs\sources_1\new\address_gen.vhd:]
WARNING: [filemgmt 56-199] Attempt to get parsing info during refresh. "On-the-fly" syntax checking information may be incorrect. [E:\dvs_project_u16\dvs_bypass_pack\dvs_bypass_pack.srcs\sources_1\new\packages.vhd:]
WARNING: [filemgmt 56-199] Attempt to get parsing info during refresh. "On-the-fly" syntax checking information may be incorrect. [E:\dvs_project_u16\dvs_bypass_pack\dvs_bypass_pack.srcs\sources_1\new\window_engine.vhd:]
WARNING: [filemgmt 56-199] Attempt to get parsing info during refresh. "On-the-fly" syntax checking information may be incorrect. [E:\dvs_project_u16\dvs_bypass_pack\dvs_bypass_pack.srcs\sources_1\new\alu_code.vhd:]
WARNING: [filemgmt 56-199] Attempt to get parsing info during refresh. "On-the-fly" syntax checking information may be incorrect. [E:\dvs_project_u16\dvs_bypass_pack\dvs_bypass_pack.srcs\sources_1\new\address_gen.vhd:]
WARNING: [filemgmt 56-199] Attempt to get parsing info during refresh. "On-the-fly" syntax checking information may be incorrect. [E:\dvs_project_u16\dvs_bypass_pack\dvs_bypass_pack.srcs\sources_1\new\address_gen.vhd:]
WARNING: [filemgmt 56-199] Attempt to get parsing info during refresh. "On-the-fly" syntax checking information may be incorrect. [E:\dvs_project_u16\dvs_bypass_pack\dvs_bypass_pack.srcs\sources_1\new\coordinate_tracker.vhd:]
WARNING: [filemgmt 56-199] Attempt to get parsing info during refresh. "On-the-fly" syntax checking information may be incorrect. [E:\dvs_project_u16\dvs_bypass_pack\dvs_bypass_pack.srcs\sources_1\new\address_gen.vhd:]
WARNING: [filemgmt 56-199] Attempt to get parsing info during refresh. "On-the-fly" syntax checking information may be incorrect. [E:\dvs_project_u16\dvs_bypass_pack\dvs_bypass_pack.srcs\sources_1\new\packages.vhd:]
WARNING: [filemgmt 56-199] Attempt to get parsing info during refresh. "On-the-fly" syntax checking information may be incorrect. [E:\dvs_project_u16\dvs_bypass_pack\dvs_bypass_pack.srcs\sources_1\new\window_engine.vhd:]
WARNING: [filemgmt 56-199] Attempt to get parsing info during refresh. "On-the-fly" syntax checking information may be incorrect. [E:\dvs_project_u16\dvs_bypass_pack\dvs_bypass_pack.srcs\sources_1\new\alu_code.vhd:]
WARNING: [filemgmt 56-199] Attempt to get parsing info during refresh. "On-the-fly" syntax checking information may be incorrect. [E:\dvs_project_u16\dvs_bypass_pack\dvs_bypass_pack.srcs\sources_1\new\packages.vhd:]
WARNING: [filemgmt 56-199] Attempt to get parsing info during refresh. "On-the-fly" syntax checking information may be incorrect. [E:\dvs_project_u16\dvs_bypass_pack\dvs_bypass_pack.srcs\sources_1\new\packages.vhd:]
ERROR: [Common 17-180] Spawn failed: The operation completed successfully.

